medicine_id,snapshot_date,quantity_on_hand,quantity_dispensed,quantity_received,quantity_expired,unit_cost,pay_rate,days_to_expiry
1,2025-12-22,19,1,0,0,82.5,55,155
1,2025-12-23,18,1,0,0,82.5,55,156
1,2025-12-24,17,1,0,0,82.5,55,157
1,2025-12-25,16,1,0,0,82.5,55,158
1,2025-12-26,15,1,0,0,82.5,55,159
1,2025-12-27,15,0,0,0,82.5,55,160
1,2025-12-28,15,0,0,0,82.5,55,161
1,2025-12-29,15,0,0,0,82.5,55,162
1,2025-12-30,14,1,0,0,82.5,55,163
1,2025-12-31,13,1,0,0,82.5,55,164
1,2026-01-01,12,1,0,0,82.5,55,165
1,2026-01-02,11,1,0,0,82.5,55,166
1,2026-01-03,11,0,0,0,82.5,55,167
1,2026-01-04,66,0,55,0,82.5,55,168
1,2026-01-05,65,1,0,0,82.5,55,169
1,2026-01-06,64,1,0,0,82.5,55,170
1,2026-01-07,63,1,0,0,82.5,55,171
1,2026-01-08,62,1,0,0,82.5,55,172
1,2026-01-09,61,1,0,0,82.5,55,173
1,2026-01-10,61,0,0,0,82.5,55,174
1,2026-01-11,91,0,30,0,82.5,55,175
1,2026-01-12,90,1,0,0,82.5,55,176
1,2026-01-13,90,0,0,0,82.5,55,177
1,2026-01-14,89,1,0,0,82.5,55,178
1,2026-01-15,89,0,0,0,82.5,55,179
1,2026-01-16,88,1,0,0,82.5,55,180
1,2026-01-17,128,0,40,0,82.5,55,181
1,2026-01-18,127,1,0,0,82.5,55,182
1,2026-01-19,126,1,0,0,82.5,55,183
1,2026-01-20,125,1,0,0,82.5,55,184
1,2026-01-21,124,1,0,0,82.5,55,185
1,2026-01-22,123,1,0,0,82.5,55,186
1,2026-01-23,123,0,0,0,82.5,55,187
1,2026-01-24,123,0,0,0,82.5,55,188
1,2026-01-25,123,0,0,0,82.5,55,189
1,2026-01-26,122,1,0,0,82.5,55,190
1,2026-01-27,121,1,0,0,82.5,55,191
1,2026-01-28,121,0,0,0,82.5,55,192
1,2026-01-29,120,1,0,0,82.5,55,193
1,2026-01-30,119,1,0,0,82.5,55,194
1,2026-01-31,119,0,0,0,82.5,55,195
1,2026-02-01,119,0,0,0,82.5,55,196
1,2026-02-02,119,0,0,0,82.5,55,197
1,2026-02-03,118,1,0,0,82.5,55,198
1,2026-02-04,117,1,0,0,82.5,55,199
1,2026-02-05,116,1,0,0,82.5,55,200
1,2026-02-06,115,1,0,0,82.5,55,201
1,2026-02-07,115,0,0,0,82.5,55,202
1,2026-02-08,115,0,0,0,82.5,55,203
1,2026-02-09,114,1,0,0,82.5,55,204
1,2026-02-10,113,1,0,0,82.5,55,205
1,2026-02-11,112,1,0,0,82.5,55,206
1,2026-02-12,111,1,0,0,82.5,55,207
1,2026-02-13,110,1,0,0,82.5,55,208
1,2026-02-14,110,0,0,0,82.5,55,209
1,2026-02-15,109,1,0,0,82.5,55,210
1,2026-02-16,108,1,0,0,82.5,55,211
1,2026-02-17,107,1,0,0,82.5,55,212
1,2026-02-18,106,1,0,0,82.5,55,213
1,2026-02-19,105,1,0,0,82.5,55,214
1,2026-02-20,104,1,0,0,82.5,55,215
1,2026-02-21,104,0,0,0,82.5,55,216
1,2026-02-22,104,0,0,0,82.5,55,217
1,2026-02-23,104,0,0,0,82.5,55,218
1,2026-02-24,104,0,0,0,82.5,55,219
1,2026-02-25,103,1,0,0,82.5,55,220
1,2026-02-26,150,1,48,0,82.5,55,221
1,2026-02-27,150,0,0,0,82.5,55,222
1,2026-02-28,150,0,0,0,82.5,55,223
1,2026-03-01,150,0,0,0,82.5,55,224
1,2026-03-02,149,1,0,0,82.5,55,225
1,2026-03-03,172,1,24,0,82.5,55,226
1,2026-03-04,171,1,0,0,82.5,55,227
1,2026-03-05,170,1,0,0,82.5,55,228
1,2026-03-06,169,1,0,0,82.5,55,229
1,2026-03-07,169,0,0,0,82.5,55,230
1,2026-03-08,169,0,0,0,82.5,55,231
1,2026-03-09,168,1,0,0,82.5,55,232
1,2026-03-10,167,1,0,0,82.5,55,233
1,2026-03-11,166,1,0,0,82.5,55,234
1,2026-03-12,165,1,0,0,82.5,55,235
1,2026-03-13,164,1,0,0,82.5,55,236
1,2026-03-14,164,0,0,0,82.5,55,237
1,2026-03-15,163,1,0,0,82.5,55,238
1,2026-03-16,162,1,0,0,82.5,55,239
1,2026-03-17,161,1,0,0,82.5,55,240
1,2026-03-18,160,1,0,0,82.5,55,241
1,2026-03-19,159,1,0,0,82.5,55,242
1,2026-03-20,158,1,0,0,82.5,55,243
1,2026-03-21,212,1,55,0,82.5,55,244
2,2025-12-22,19,1,0,0,128.0,80,211
2,2025-12-23,17,2,0,0,128.0,80,212
2,2025-12-24,16,1,0,0,128.0,80,213
2,2025-12-25,14,2,0,0,128.0,80,214
2,2025-12-26,13,1,0,0,128.0,80,215
2,2025-12-27,12,1,0,0,128.0,80,216
2,2025-12-28,11,1,0,0,128.0,80,217
2,2025-12-29,9,2,0,0,128.0,80,218
2,2025-12-30,8,1,0,0,128.0,80,219
2,2025-12-31,30,1,23,0,128.0,80,220
2,2026-01-01,28,2,0,0,128.0,80,221
2,2026-01-02,26,2,0,0,128.0,80,222
2,2026-01-03,25,1,0,0,128.0,80,223
2,2026-01-04,24,1,0,0,128.0,80,224
2,2026-01-05,22,2,0,0,128.0,80,225
2,2026-01-06,20,2,0,0,128.0,80,226
2,2026-01-07,19,1,0,0,128.0,80,227
2,2026-01-08,18,1,0,0,128.0,80,228
2,2026-01-09,16,2,0,0,128.0,80,229
2,2026-01-10,15,1,0,0,128.0,80,230
2,2026-01-11,14,1,0,0,128.0,80,231
2,2026-01-12,12,2,0,0,128.0,80,232
2,2026-01-13,11,1,0,0,128.0,80,233
2,2026-01-14,9,2,0,0,128.0,80,234
2,2026-01-15,9,0,0,0,128.0,80,235
2,2026-01-16,7,2,0,0,128.0,80,236
2,2026-01-17,6,1,0,0,128.0,80,237
2,2026-01-18,5,1,0,0,128.0,80,238
2,2026-01-19,3,2,0,0,128.0,80,239
2,2026-01-20,2,1,0,0,128.0,80,240
2,2026-01-21,0,2,0,0,128.0,80,241
2,2026-01-22,0,2,0,0,128.0,80,242
2,2026-01-23,27,1,28,0,128.0,80,243
2,2026-01-24,26,1,0,0,128.0,80,244
2,2026-01-25,25,1,0,0,128.0,80,245
2,2026-01-26,23,2,0,0,128.0,80,246
2,2026-01-27,21,2,0,0,128.0,80,247
2,2026-01-28,19,2,0,0,128.0,80,248
2,2026-01-29,18,1,0,0,128.0,80,249
2,2026-01-30,17,1,0,0,128.0,80,250
2,2026-01-31,16,1,0,0,128.0,80,251
2,2026-02-01,52,1,37,0,128.0,80,252
2,2026-02-02,50,2,0,0,128.0,80,253
2,2026-02-03,48,2,0,0,128.0,80,254
2,2026-02-04,46,2,0,0,128.0,80,255
2,2026-02-05,44,2,0,0,128.0,80,256
2,2026-02-06,41,3,0,0,128.0,80,257
2,2026-02-07,39,2,0,0,128.0,80,258
2,2026-02-08,38,1,0,0,128.0,80,259
2,2026-02-09,37,1,0,0,128.0,80,260
2,2026-02-10,35,2,0,0,128.0,80,261
2,2026-02-11,33,2,0,0,128.0,80,262
2,2026-02-12,31,2,0,0,128.0,80,263
2,2026-02-13,29,2,0,0,128.0,80,264
2,2026-02-14,28,1,0,0,128.0,80,265
2,2026-02-15,28,0,0,0,128.0,80,266
2,2026-02-16,26,2,0,0,128.0,80,267
2,2026-02-17,24,2,0,0,128.0,80,268
2,2026-02-18,22,2,0,0,128.0,80,269
2,2026-02-19,20,2,0,0,128.0,80,270
2,2026-02-20,18,2,0,0,128.0,80,271
2,2026-02-21,18,0,0,0,128.0,80,272
2,2026-02-22,17,1,0,0,128.0,80,273
2,2026-02-23,15,2,0,0,128.0,80,274
2,2026-02-24,55,2,42,0,128.0,80,275
2,2026-02-25,54,1,0,0,128.0,80,276
2,2026-02-26,52,2,0,0,128.0,80,277
2,2026-02-27,51,1,0,0,128.0,80,278
2,2026-02-28,50,1,0,0,128.0,80,279
2,2026-03-01,49,1,0,0,128.0,80,280
2,2026-03-02,47,2,0,0,128.0,80,281
2,2026-03-03,45,2,0,0,128.0,80,282
2,2026-03-04,43,2,0,0,128.0,80,283
2,2026-03-05,41,2,0,0,128.0,80,284
2,2026-03-06,41,0,0,0,128.0,80,285
2,2026-03-07,40,1,0,0,128.0,80,286
2,2026-03-08,39,1,0,0,128.0,80,287
2,2026-03-09,37,2,0,0,128.0,80,288
2,2026-03-10,36,1,0,0,128.0,80,289
2,2026-03-11,35,1,0,0,128.0,80,290
2,2026-03-12,33,2,0,0,128.0,80,291
2,2026-03-13,30,3,0,0,128.0,80,292
2,2026-03-14,29,1,0,0,128.0,80,293
2,2026-03-15,28,1,0,0,128.0,80,294
2,2026-03-16,26,2,0,0,128.0,80,295
2,2026-03-17,24,2,0,0,128.0,80,296
2,2026-03-18,22,2,0,0,128.0,80,297
2,2026-03-19,21,1,0,0,128.0,80,298
2,2026-03-20,19,2,0,0,128.0,80,299
2,2026-03-21,76,2,59,0,128.0,80,300
3,2025-12-22,18,2,0,0,76.72,34,191
3,2025-12-23,15,3,0,0,76.72,34,192
3,2025-12-24,12,3,0,0,76.72,34,193
3,2025-12-25,10,2,0,0,76.72,34,194
3,2025-12-26,6,4,0,0,76.72,34,195
3,2025-12-27,37,1,32,0,76.72,34,196
3,2025-12-28,35,2,0,0,76.72,34,197
3,2025-12-29,32,3,0,0,76.72,34,198
3,2025-12-30,31,1,0,0,76.72,34,199
3,2025-12-31,28,3,0,0,76.72,34,200
3,2026-01-01,26,2,0,0,76.72,34,201
3,2026-01-02,23,3,0,0,76.72,34,202
3,2026-01-03,21,2,0,0,76.72,34,203
3,2026-01-04,19,2,0,0,76.72,34,204
3,2026-01-05,18,1,0,0,76.72,34,205
3,2026-01-06,16,2,0,0,76.72,34,206
3,2026-01-07,12,4,0,0,76.72,34,207
3,2026-01-08,8,4,0,0,76.72,34,208
3,2026-01-09,6,2,0,0,76.72,34,209
3,2026-01-10,5,1,0,0,76.72,34,210
3,2026-01-11,2,3,0,0,76.72,34,211
3,2026-01-12,0,2,0,0,76.72,34,212
3,2026-01-13,0,3,0,0,76.72,34,213
3,2026-01-14,0,4,0,0,76.72,34,214
3,2026-01-15,0,3,0,0,76.72,34,215
3,2026-01-16,0,3,0,0,76.72,34,216
3,2026-01-17,0,2,0,0,76.72,34,217
3,2026-01-18,0,2,0,0,76.72,34,218
3,2026-01-19,0,4,0,0,76.72,34,219
3,2026-01-20,0,4,0,0,76.72,34,220
3,2026-01-21,0,4,0,0,76.72,34,221
3,2026-01-22,0,4,0,0,76.72,34,222
3,2026-01-23,0,5,0,0,76.72,34,223
3,2026-01-24,0,2,0,0,76.72,34,224
3,2026-01-25,0,3,0,0,76.72,34,225
3,2026-01-26,0,2,0,0,76.72,34,226
3,2026-01-27,0,4,0,0,76.72,34,227
3,2026-01-28,0,3,0,0,76.72,34,228
3,2026-01-29,0,2,0,0,76.72,34,229
3,2026-01-30,31,3,34,0,76.72,34,230
3,2026-01-31,29,2,0,0,76.72,34,231
3,2026-02-01,26,3,0,0,76.72,34,232
3,2026-02-02,23,3,0,0,76.72,34,233
3,2026-02-03,21,2,0,0,76.72,34,234
3,2026-02-04,15,6,0,0,76.72,34,235
3,2026-02-05,13,2,0,0,76.72,34,236
3,2026-02-06,11,2,0,0,76.72,34,237
3,2026-02-07,9,2,0,0,76.72,34,238
3,2026-02-08,6,3,0,0,76.72,34,239
3,2026-02-09,2,4,0,0,76.72,34,240
3,2026-02-10,0,3,0,0,76.72,34,241
3,2026-02-11,0,4,0,0,76.72,34,242
3,2026-02-12,0,4,0,0,76.72,34,243
3,2026-02-13,0,2,0,0,76.72,34,244
3,2026-02-14,0,2,0,0,76.72,34,245
3,2026-02-15,0,1,0,0,76.72,34,246
3,2026-02-16,0,4,0,0,76.72,34,247
3,2026-02-17,0,4,0,0,76.72,34,248
3,2026-02-18,0,4,0,0,76.72,34,249
3,2026-02-19,0,3,0,0,76.72,34,250
3,2026-02-20,0,4,0,0,76.72,34,251
3,2026-02-21,0,3,0,0,76.72,34,252
3,2026-02-22,0,2,0,0,76.72,34,253
3,2026-02-23,0,4,0,0,76.72,34,254
3,2026-02-24,0,1,0,0,76.72,34,255
3,2026-02-25,0,2,0,0,76.72,34,256
3,2026-02-26,0,4,0,0,76.72,34,257
3,2026-02-27,53,3,56,0,76.72,34,258
3,2026-02-28,52,1,0,0,76.72,34,259
3,2026-03-01,51,1,0,0,76.72,34,260
3,2026-03-02,46,5,0,0,76.72,34,261
3,2026-03-03,42,4,0,0,76.72,34,262
3,2026-03-04,39,3,0,0,76.72,34,263
3,2026-03-05,36,3,0,0,76.72,34,264
3,2026-03-06,33,3,0,0,76.72,34,265
3,2026-03-07,30,3,0,0,76.72,34,266
3,2026-03-08,28,2,0,0,76.72,34,267
3,2026-03-09,24,4,0,0,76.72,34,268
3,2026-03-10,18,6,0,0,76.72,34,269
3,2026-03-11,13,5,0,0,76.72,34,270
3,2026-03-12,11,2,0,0,76.72,34,271
3,2026-03-13,7,4,0,0,76.72,34,272
3,2026-03-14,6,1,0,0,76.72,34,273
3,2026-03-15,4,2,0,0,76.72,34,274
3,2026-03-16,0,5,0,0,76.72,34,275
3,2026-03-17,0,2,0,0,76.72,34,276
3,2026-03-18,0,4,0,0,76.72,34,277
3,2026-03-19,0,3,0,0,76.72,34,278
3,2026-03-20,0,3,0,0,76.72,34,279
3,2026-03-21,48,3,51,0,76.72,34,280
4,2025-12-22,19,1,0,0,51.0,68,221
4,2025-12-23,18,1,0,0,51.0,68,222
4,2025-12-24,17,1,0,0,51.0,68,223
4,2025-12-25,17,0,0,0,51.0,68,224
4,2025-12-26,16,1,0,0,51.0,68,225
4,2025-12-27,16,0,0,0,51.0,68,226
4,2025-12-28,16,0,0,0,51.0,68,227
4,2025-12-29,16,0,0,0,51.0,68,228
4,2025-12-30,16,0,0,0,51.0,68,229
4,2025-12-31,15,1,0,0,51.0,68,230
4,2026-01-01,14,1,0,0,51.0,68,231
4,2026-01-02,13,1,0,0,51.0,68,232
4,2026-01-03,13,0,0,0,51.0,68,233
4,2026-01-04,13,0,0,0,51.0,68,234
4,2026-01-05,12,1,0,0,51.0,68,235
4,2026-01-06,11,1,0,0,51.0,68,236
4,2026-01-07,10,1,0,0,51.0,68,237
4,2026-01-08,9,1,0,0,51.0,68,238
4,2026-01-09,8,1,0,0,51.0,68,239
4,2026-01-10,8,0,0,0,51.0,68,240
4,2026-01-11,8,0,0,0,51.0,68,241
4,2026-01-12,7,1,0,0,51.0,68,242
4,2026-01-13,7,0,0,0,51.0,68,243
4,2026-01-14,7,0,0,0,51.0,68,244
4,2026-01-15,7,0,0,0,51.0,68,245
4,2026-01-16,6,1,0,0,51.0,68,246
4,2026-01-17,6,0,0,0,51.0,68,247
4,2026-01-18,6,0,0,0,51.0,68,248
4,2026-01-19,5,1,0,0,51.0,68,249
4,2026-01-20,5,0,0,0,51.0,68,250
4,2026-01-21,4,1,0,0,51.0,68,251
4,2026-01-22,3,1,0,0,51.0,68,252
4,2026-01-23,2,1,0,0,51.0,68,253
4,2026-01-24,2,0,0,0,51.0,68,254
4,2026-01-25,2,0,0,0,51.0,68,255
4,2026-01-26,2,0,0,0,51.0,68,256
4,2026-01-27,1,1,0,0,51.0,68,257
4,2026-01-28,1,0,0,0,51.0,68,258
4,2026-01-29,1,0,0,0,51.0,68,259
4,2026-01-30,1,0,0,0,51.0,68,260
4,2026-01-31,1,0,0,0,51.0,68,261
4,2026-02-01,1,0,0,0,51.0,68,262
4,2026-02-02,0,1,0,0,51.0,68,263
4,2026-02-03,0,1,0,0,51.0,68,264
4,2026-02-04,0,1,0,0,51.0,68,265
4,2026-02-05,0,0,0,0,51.0,68,266
4,2026-02-06,0,1,0,0,51.0,68,267
4,2026-02-07,0,1,0,0,51.0,68,268
4,2026-02-08,0,0,0,0,51.0,68,269
4,2026-02-09,0,0,0,0,51.0,68,270
4,2026-02-10,0,1,0,0,51.0,68,271
4,2026-02-11,0,1,0,0,51.0,68,272
4,2026-02-12,0,1,0,0,51.0,68,273
4,2026-02-13,0,1,0,0,51.0,68,274
4,2026-02-14,0,0,0,0,51.0,68,275
4,2026-02-15,0,0,0,0,51.0,68,276
4,2026-02-16,0,1,0,0,51.0,68,277
4,2026-02-17,0,1,0,0,51.0,68,278
4,2026-02-18,0,0,0,0,51.0,68,279
4,2026-02-19,0,1,0,0,51.0,68,280
4,2026-02-20,0,1,0,0,51.0,68,281
4,2026-02-21,0,0,0,0,51.0,68,282
4,2026-02-22,0,1,0,0,51.0,68,283
4,2026-02-23,0,1,0,0,51.0,68,284
4,2026-02-24,0,0,0,0,51.0,68,285
4,2026-02-25,0,1,0,0,51.0,68,286
4,2026-02-26,0,0,0,0,51.0,68,287
4,2026-02-27,0,1,0,0,51.0,68,288
4,2026-02-28,0,1,0,0,51.0,68,289
4,2026-03-01,0,0,0,0,51.0,68,290
4,2026-03-02,0,1,0,0,51.0,68,291
4,2026-03-03,0,1,0,0,51.0,68,292
4,2026-03-04,0,1,0,0,51.0,68,293
4,2026-03-05,0,1,0,0,51.0,68,294
4,2026-03-06,0,1,0,0,51.0,68,295
4,2026-03-07,0,0,0,0,51.0,68,296
4,2026-03-08,0,1,0,0,51.0,68,297
4,2026-03-09,0,1,0,0,51.0,68,298
4,2026-03-10,0,1,0,0,51.0,68,299
4,2026-03-11,0,0,0,0,51.0,68,300
4,2026-03-12,0,1,0,0,51.0,68,301
4,2026-03-13,0,1,0,0,51.0,68,302
4,2026-03-14,0,0,0,0,51.0,68,303
4,2026-03-15,0,0,0,0,51.0,68,304
4,2026-03-16,0,0,0,0,51.0,68,305
4,2026-03-17,0,1,0,0,51.0,68,306
4,2026-03-18,0,1,0,0,51.0,68,307
4,2026-03-19,0,1,0,0,51.0,68,308
4,2026-03-20,0,1,0,0,51.0,68,309
4,2026-03-21,34,0,34,0,51.0,68,310
5,2025-12-22,19,1,0,0,31.2,39,231
5,2025-12-23,18,1,0,0,31.2,39,232
5,2025-12-24,17,1,0,0,31.2,39,233
5,2025-12-25,16,1,0,0,31.2,39,234
5,2025-12-26,15,1,0,0,31.2,39,235
5,2025-12-27,15,0,0,0,31.2,39,236
5,2025-12-28,14,1,0,0,31.2,39,237
5,2025-12-29,13,1,0,0,31.2,39,238
5,2025-12-30,12,1,0,0,31.2,39,239
5,2025-12-31,60,0,48,0,31.2,39,240
5,2026-01-01,59,1,0,0,31.2,39,241
5,2026-01-02,58,1,0,0,31.2,39,242
5,2026-01-03,57,1,0,0,31.2,39,243
5,2026-01-04,57,0,0,0,31.2,39,244
5,2026-01-05,56,1,0,0,31.2,39,245
5,2026-01-06,55,1,0,0,31.2,39,246
5,2026-01-07,54,1,0,0,31.2,39,247
5,2026-01-08,83,0,29,0,31.2,39,248
5,2026-01-09,82,1,0,0,31.2,39,249
5,2026-01-10,82,0,0,0,31.2,39,250
5,2026-01-11,81,1,0,0,31.2,39,251
5,2026-01-12,80,1,0,0,31.2,39,252
5,2026-01-13,79,1,0,0,31.2,39,253
5,2026-01-14,78,1,0,0,31.2,39,254
5,2026-01-15,78,0,0,0,31.2,39,255
5,2026-01-16,77,1,0,0,31.2,39,256
5,2026-01-17,77,0,0,0,31.2,39,257
5,2026-01-18,77,0,0,0,31.2,39,258
5,2026-01-19,77,0,0,0,31.2,39,259
5,2026-01-20,77,0,0,0,31.2,39,260
5,2026-01-21,76,1,0,0,31.2,39,261
5,2026-01-22,75,1,0,0,31.2,39,262
5,2026-01-23,134,1,60,0,31.2,39,263
5,2026-01-24,134,0,0,0,31.2,39,264
5,2026-01-25,134,0,0,0,31.2,39,265
5,2026-01-26,173,1,40,0,31.2,39,266
5,2026-01-27,172,1,0,0,31.2,39,267
5,2026-01-28,171,1,0,0,31.2,39,268
5,2026-01-29,170,1,0,0,31.2,39,269
5,2026-01-30,169,1,0,0,31.2,39,270
5,2026-01-31,168,1,0,0,31.2,39,271
5,2026-02-01,167,1,0,0,31.2,39,272
5,2026-02-02,166,1,0,0,31.2,39,273
5,2026-02-03,165,1,0,0,31.2,39,274
5,2026-02-04,164,1,0,0,31.2,39,275
5,2026-02-05,163,1,0,0,31.2,39,276
5,2026-02-06,162,1,0,0,31.2,39,277
5,2026-02-07,162,0,0,0,31.2,39,278
5,2026-02-08,162,0,0,0,31.2,39,279
5,2026-02-09,161,1,0,0,31.2,39,280
5,2026-02-10,160,1,0,0,31.2,39,281
5,2026-02-11,159,1,0,0,31.2,39,282
5,2026-02-12,158,1,0,0,31.2,39,283
5,2026-02-13,157,1,0,0,31.2,39,284
5,2026-02-14,157,0,0,0,31.2,39,285
5,2026-02-15,156,1,0,0,31.2,39,286
5,2026-02-16,155,1,0,0,31.2,39,287
5,2026-02-17,154,1,0,0,31.2,39,288
5,2026-02-18,153,1,0,0,31.2,39,289
5,2026-02-19,152,1,0,0,31.2,39,290
5,2026-02-20,151,1,0,0,31.2,39,291
5,2026-02-21,151,0,0,0,31.2,39,292
5,2026-02-22,150,1,0,0,31.2,39,293
5,2026-02-23,149,1,0,0,31.2,39,294
5,2026-02-24,149,0,0,0,31.2,39,295
5,2026-02-25,149,0,0,0,31.2,39,296
5,2026-02-26,176,1,28,0,31.2,39,297
5,2026-02-27,175,1,0,0,31.2,39,298
5,2026-02-28,174,1,0,0,31.2,39,299
5,2026-03-01,206,0,32,0,31.2,39,300
5,2026-03-02,205,1,0,0,31.2,39,301
5,2026-03-03,204,1,0,0,31.2,39,302
5,2026-03-04,203,1,0,0,31.2,39,303
5,2026-03-05,202,1,0,0,31.2,39,304
5,2026-03-06,201,1,0,0,31.2,39,305
5,2026-03-07,201,0,0,0,31.2,39,306
5,2026-03-08,200,1,0,0,31.2,39,307
5,2026-03-09,199,1,0,0,31.2,39,308
5,2026-03-10,198,1,0,0,31.2,39,309
5,2026-03-11,197,1,0,0,31.2,39,310
5,2026-03-12,196,1,0,0,31.2,39,311
5,2026-03-13,195,1,0,0,31.2,39,312
5,2026-03-14,195,0,0,0,31.2,39,313
5,2026-03-15,194,1,0,0,31.2,39,314
5,2026-03-16,193,1,0,0,31.2,39,315
5,2026-03-17,193,0,0,0,31.2,39,316
5,2026-03-18,192,1,0,0,31.2,39,317
5,2026-03-19,191,1,0,0,31.2,39,318
5,2026-03-20,190,1,0,0,31.2,39,319
5,2026-03-21,236,0,46,0,31.2,39,320
6,2025-12-22,20,0,0,0,33.44,38,201
6,2025-12-23,19,1,0,0,33.44,38,202
6,2025-12-24,19,0,0,0,33.44,38,203
6,2025-12-25,19,0,0,0,33.44,38,204
6,2025-12-26,19,0,0,0,33.44,38,205
6,2025-12-27,67,0,48,0,33.44,38,206
6,2025-12-28,67,0,0,0,33.44,38,207
6,2025-12-29,67,0,0,0,33.44,38,208
6,2025-12-30,67,0,0,0,33.44,38,209
6,2025-12-31,67,0,0,0,33.44,38,210
6,2026-01-01,67,0,0,0,33.44,38,211
6,2026-01-02,67,0,0,0,33.44,38,212
6,2026-01-03,67,0,0,0,33.44,38,213
6,2026-01-04,67,0,0,0,33.44,38,214
6,2026-01-05,67,0,0,0,33.44,38,215
6,2026-01-06,67,0,0,0,33.44,38,216
6,2026-01-07,66,1,0,0,33.44,38,217
6,2026-01-08,66,0,0,0,33.44,38,218
6,2026-01-09,66,0,0,0,33.44,38,219
6,2026-01-10,66,0,0,0,33.44,38,220
6,2026-01-11,66,0,0,0,33.44,38,221
6,2026-01-12,65,1,0,0,33.44,38,222
6,2026-01-13,65,0,0,0,33.44,38,223
6,2026-01-14,65,0,0,0,33.44,38,224
6,2026-01-15,64,1,0,0,33.44,38,225
6,2026-01-16,64,0,0,0,33.44,38,226
6,2026-01-17,64,0,0,0,33.44,38,227
6,2026-01-18,64,0,0,0,33.44,38,228
6,2026-01-19,64,0,0,0,33.44,38,229
6,2026-01-20,64,0,0,0,33.44,38,230
6,2026-01-21,64,0,0,0,33.44,38,231
6,2026-01-22,64,0,0,0,33.44,38,232
6,2026-01-23,64,0,0,0,33.44,38,233
6,2026-01-24,64,0,0,0,33.44,38,234
6,2026-01-25,64,0,0,0,33.44,38,235
6,2026-01-26,64,0,0,0,33.44,38,236
6,2026-01-27,64,0,0,0,33.44,38,237
6,2026-01-28,64,0,0,0,33.44,38,238
6,2026-01-29,64,0,0,0,33.44,38,239
6,2026-01-30,64,0,0,0,33.44,38,240
6,2026-01-31,64,0,0,0,33.44,38,241
6,2026-02-01,64,0,0,0,33.44,38,242
6,2026-02-02,64,0,0,0,33.44,38,243
6,2026-02-03,63,1,0,0,33.44,38,244
6,2026-02-04,63,0,0,0,33.44,38,245
6,2026-02-05,63,0,0,0,33.44,38,246
6,2026-02-06,63,0,0,0,33.44,38,247
6,2026-02-07,63,0,0,0,33.44,38,248
6,2026-02-08,63,0,0,0,33.44,38,249
6,2026-02-09,63,0,0,0,33.44,38,250
6,2026-02-10,63,0,0,0,33.44,38,251
6,2026-02-11,63,0,0,0,33.44,38,252
6,2026-02-12,63,0,0,0,33.44,38,253
6,2026-02-13,63,0,0,0,33.44,38,254
6,2026-02-14,63,0,0,0,33.44,38,255
6,2026-02-15,63,0,0,0,33.44,38,256
6,2026-02-16,63,0,0,0,33.44,38,257
6,2026-02-17,63,0,0,0,33.44,38,258
6,2026-02-18,63,0,0,0,33.44,38,259
6,2026-02-19,62,1,0,0,33.44,38,260
6,2026-02-20,61,1,0,0,33.44,38,261
6,2026-02-21,61,0,0,0,33.44,38,262
6,2026-02-22,61,0,0,0,33.44,38,263
6,2026-02-23,61,0,0,0,33.44,38,264
6,2026-02-24,61,0,0,0,33.44,38,265
6,2026-02-25,61,0,0,0,33.44,38,266
6,2026-02-26,61,0,0,0,33.44,38,267
6,2026-02-27,61,0,0,0,33.44,38,268
6,2026-02-28,61,0,0,0,33.44,38,269
6,2026-03-01,61,0,0,0,33.44,38,270
6,2026-03-02,61,0,0,0,33.44,38,271
6,2026-03-03,60,1,0,0,33.44,38,272
6,2026-03-04,60,0,0,0,33.44,38,273
6,2026-03-05,60,0,0,0,33.44,38,274
6,2026-03-06,59,1,0,0,33.44,38,275
6,2026-03-07,59,0,0,0,33.44,38,276
6,2026-03-08,59,0,0,0,33.44,38,277
6,2026-03-09,59,0,0,0,33.44,38,278
6,2026-03-10,59,0,0,0,33.44,38,279
6,2026-03-11,58,1,0,0,33.44,38,280
6,2026-03-12,58,0,0,0,33.44,38,281
6,2026-03-13,58,0,0,0,33.44,38,282
6,2026-03-14,58,0,0,0,33.44,38,283
6,2026-03-15,58,0,0,0,33.44,38,284
6,2026-03-16,58,0,0,0,33.44,38,285
6,2026-03-17,58,0,0,0,33.44,38,286
6,2026-03-18,58,0,0,0,33.44,38,287
6,2026-03-19,58,0,0,0,33.44,38,288
6,2026-03-20,57,1,0,0,33.44,38,289
6,2026-03-21,90,0,33,0,33.44,38,290
7,2025-12-22,20,0,0,0,37.84,43,206
7,2025-12-23,19,1,0,0,37.84,43,207
7,2025-12-24,19,0,0,0,37.84,43,208
7,2025-12-25,18,1,0,0,37.84,43,209
7,2025-12-26,18,0,0,0,37.84,43,210
7,2025-12-27,18,0,0,0,37.84,43,211
7,2025-12-28,18,0,0,0,37.84,43,212
7,2025-12-29,18,0,0,0,37.84,43,213
7,2025-12-30,18,0,0,0,37.84,43,214
7,2025-12-31,77,0,59,0,37.84,43,215
7,2026-01-01,77,0,0,0,37.84,43,216
7,2026-01-02,76,1,0,0,37.84,43,217
7,2026-01-03,76,0,0,0,37.84,43,218
7,2026-01-04,76,0,0,0,37.84,43,219
7,2026-01-05,76,0,0,0,37.84,43,220
7,2026-01-06,76,0,0,0,37.84,43,221
7,2026-01-07,75,1,0,0,37.84,43,222
7,2026-01-08,74,1,0,0,37.84,43,223
7,2026-01-09,74,0,0,0,37.84,43,224
7,2026-01-10,74,0,0,0,37.84,43,225
7,2026-01-11,74,0,0,0,37.84,43,226
7,2026-01-12,74,0,0,0,37.84,43,227
7,2026-01-13,73,1,0,0,37.84,43,228
7,2026-01-14,72,1,0,0,37.84,43,229
7,2026-01-15,72,0,0,0,37.84,43,230
7,2026-01-16,72,0,0,0,37.84,43,231
7,2026-01-17,72,0,0,0,37.84,43,232
7,2026-01-18,72,0,0,0,37.84,43,233
7,2026-01-19,71,1,0,0,37.84,43,234
7,2026-01-20,71,0,0,0,37.84,43,235
7,2026-01-21,70,1,0,0,37.84,43,236
7,2026-01-22,69,1,0,0,37.84,43,237
7,2026-01-23,108,0,39,0,37.84,43,238
7,2026-01-24,108,0,0,0,37.84,43,239
7,2026-01-25,108,0,0,0,37.84,43,240
7,2026-01-26,108,0,0,0,37.84,43,241
7,2026-01-27,108,0,0,0,37.84,43,242
7,2026-01-28,108,0,0,0,37.84,43,243
7,2026-01-29,108,0,0,0,37.84,43,244
7,2026-01-30,163,1,56,0,37.84,43,245
7,2026-01-31,163,0,0,0,37.84,43,246
7,2026-02-01,163,0,0,0,37.84,43,247
7,2026-02-02,162,1,0,0,37.84,43,248
7,2026-02-03,162,0,0,0,37.84,43,249
7,2026-02-04,162,0,0,0,37.84,43,250
7,2026-02-05,162,0,0,0,37.84,43,251
7,2026-02-06,161,1,0,0,37.84,43,252
7,2026-02-07,161,0,0,0,37.84,43,253
7,2026-02-08,161,0,0,0,37.84,43,254
7,2026-02-09,160,1,0,0,37.84,43,255
7,2026-02-10,160,0,0,0,37.84,43,256
7,2026-02-11,201,0,41,0,37.84,43,257
7,2026-02-12,200,1,0,0,37.84,43,258
7,2026-02-13,199,1,0,0,37.84,43,259
7,2026-02-14,199,0,0,0,37.84,43,260
7,2026-02-15,199,0,0,0,37.84,43,261
7,2026-02-16,198,1,0,0,37.84,43,262
7,2026-02-17,197,1,0,0,37.84,43,263
7,2026-02-18,196,1,0,0,37.84,43,264
7,2026-02-19,196,0,0,0,37.84,43,265
7,2026-02-20,196,0,0,0,37.84,43,266
7,2026-02-21,196,0,0,0,37.84,43,267
7,2026-02-22,196,0,0,0,37.84,43,268
7,2026-02-23,196,0,0,0,37.84,43,269
7,2026-02-24,196,0,0,0,37.84,43,270
7,2026-02-25,196,0,0,0,37.84,43,271
7,2026-02-26,196,0,0,0,37.84,43,272
7,2026-02-27,195,1,0,0,37.84,43,273
7,2026-02-28,223,0,28,0,37.84,43,274
7,2026-03-01,247,0,24,0,37.84,43,275
7,2026-03-02,247,0,0,0,37.84,43,276
7,2026-03-03,246,1,0,0,37.84,43,277
7,2026-03-04,245,1,0,0,37.84,43,278
7,2026-03-05,245,0,0,0,37.84,43,279
7,2026-03-06,244,1,0,0,37.84,43,280
7,2026-03-07,244,0,0,0,37.84,43,281
7,2026-03-08,244,0,0,0,37.84,43,282
7,2026-03-09,243,1,0,0,37.84,43,283
7,2026-03-10,243,0,0,0,37.84,43,284
7,2026-03-11,243,0,0,0,37.84,43,285
7,2026-03-12,243,0,0,0,37.84,43,286
7,2026-03-13,243,0,0,0,37.84,43,287
7,2026-03-14,243,0,0,0,37.84,43,288
7,2026-03-15,243,0,0,0,37.84,43,289
7,2026-03-16,242,1,0,0,37.84,43,290
7,2026-03-17,242,0,0,0,37.84,43,291
7,2026-03-18,241,1,0,0,37.84,43,292
7,2026-03-19,241,0,0,0,37.84,43,293
7,2026-03-20,240,1,0,0,37.84,43,294
7,2026-03-21,293,0,53,0,37.84,43,295
8,2025-12-22,19,1,0,0,688.0,860,91
8,2025-12-23,18,1,0,0,688.0,860,92
8,2025-12-24,17,1,0,0,688.0,860,93
8,2025-12-25,16,1,0,0,688.0,860,94
8,2025-12-26,15,1,0,0,688.0,860,95
8,2025-12-27,14,1,0,0,688.0,860,96
8,2025-12-28,13,1,0,0,688.0,860,97
8,2025-12-29,12,1,0,0,688.0,860,98
8,2025-12-30,11,1,0,0,688.0,860,99
8,2025-12-31,60,1,50,0,688.0,860,100
8,2026-01-01,59,1,0,0,688.0,860,101
8,2026-01-02,58,1,0,0,688.0,860,102
8,2026-01-03,57,1,0,0,688.0,860,103
8,2026-01-04,94,1,38,0,688.0,860,104
8,2026-01-05,93,1,0,0,688.0,860,105
8,2026-01-06,92,1,0,0,688.0,860,106
8,2026-01-07,91,1,0,0,688.0,860,107
8,2026-01-08,90,1,0,0,688.0,860,108
8,2026-01-09,89,1,0,0,688.0,860,109
8,2026-01-10,89,0,0,0,688.0,860,110
8,2026-01-11,88,1,0,0,688.0,860,111
8,2026-01-12,87,1,0,0,688.0,860,112
8,2026-01-13,86,1,0,0,688.0,860,113
8,2026-01-14,85,1,0,0,688.0,860,114
8,2026-01-15,84,1,0,0,688.0,860,115
8,2026-01-16,83,1,0,0,688.0,860,116
8,2026-01-17,82,1,0,0,688.0,860,117
8,2026-01-18,81,1,0,0,688.0,860,118
8,2026-01-19,80,1,0,0,688.0,860,119
8,2026-01-20,79,1,0,0,688.0,860,120
8,2026-01-21,78,1,0,0,688.0,860,121
8,2026-01-22,77,1,0,0,688.0,860,122
8,2026-01-23,76,1,0,0,688.0,860,123
8,2026-01-24,75,1,0,0,688.0,860,124
8,2026-01-25,74,1,0,0,688.0,860,125
8,2026-01-26,73,1,0,0,688.0,860,126
8,2026-01-27,72,1,0,0,688.0,860,127
8,2026-01-28,71,1,0,0,688.0,860,128
8,2026-01-29,70,1,0,0,688.0,860,129
8,2026-01-30,69,1,0,0,688.0,860,130
8,2026-01-31,68,1,0,0,688.0,860,131
8,2026-02-01,67,1,0,0,688.0,860,132
8,2026-02-02,66,1,0,0,688.0,860,133
8,2026-02-03,64,2,0,0,688.0,860,134
8,2026-02-04,63,1,0,0,688.0,860,135
8,2026-02-05,88,2,27,0,688.0,860,136
8,2026-02-06,87,1,0,0,688.0,860,137
8,2026-02-07,87,0,0,0,688.0,860,138
8,2026-02-08,86,1,0,0,688.0,860,139
8,2026-02-09,85,1,0,0,688.0,860,140
8,2026-02-10,84,1,0,0,688.0,860,141
8,2026-02-11,130,1,47,0,688.0,860,142
8,2026-02-12,129,1,0,0,688.0,860,143
8,2026-02-13,128,1,0,0,688.0,860,144
8,2026-02-14,127,1,0,0,688.0,860,145
8,2026-02-15,126,1,0,0,688.0,860,146
8,2026-02-16,125,1,0,0,688.0,860,147
8,2026-02-17,124,1,0,0,688.0,860,148
8,2026-02-18,123,1,0,0,688.0,860,149
8,2026-02-19,122,1,0,0,688.0,860,150
8,2026-02-20,121,1,0,0,688.0,860,151
8,2026-02-21,120,1,0,0,688.0,860,152
8,2026-02-22,119,1,0,0,688.0,860,153
8,2026-02-23,118,1,0,0,688.0,860,154
8,2026-02-24,139,1,22,0,688.0,860,155
8,2026-02-25,138,1,0,0,688.0,860,156
8,2026-02-26,179,2,43,0,688.0,860,157
8,2026-02-27,178,1,0,0,688.0,860,158
8,2026-02-28,177,1,0,0,688.0,860,159
8,2026-03-01,176,1,0,0,688.0,860,160
8,2026-03-02,231,1,56,0,688.0,860,161
8,2026-03-03,230,1,0,0,688.0,860,162
8,2026-03-04,229,1,0,0,688.0,860,163
8,2026-03-05,228,1,0,0,688.0,860,164
8,2026-03-06,227,1,0,0,688.0,860,165
8,2026-03-07,226,1,0,0,688.0,860,166
8,2026-03-08,226,0,0,0,688.0,860,167
8,2026-03-09,225,1,0,0,688.0,860,168
8,2026-03-10,224,1,0,0,688.0,860,169
8,2026-03-11,223,1,0,0,688.0,860,170
8,2026-03-12,222,1,0,0,688.0,860,171
8,2026-03-13,222,0,0,0,688.0,860,172
8,2026-03-14,221,1,0,0,688.0,860,173
8,2026-03-15,220,1,0,0,688.0,860,174
8,2026-03-16,218,2,0,0,688.0,860,175
8,2026-03-17,217,1,0,0,688.0,860,176
8,2026-03-18,216,1,0,0,688.0,860,177
8,2026-03-19,215,1,0,0,688.0,860,178
8,2026-03-20,214,1,0,0,688.0,860,179
8,2026-03-21,266,0,52,0,688.0,860,180
9,2025-12-22,18,2,0,0,29.33,55,276
9,2025-12-23,16,2,0,0,29.33,55,277
9,2025-12-24,15,1,0,0,29.33,55,278
9,2025-12-25,11,4,0,0,29.33,55,279
9,2025-12-26,9,2,0,0,29.33,55,280
9,2025-12-27,8,1,0,0,29.33,55,281
9,2025-12-28,6,2,0,0,29.33,55,282
9,2025-12-29,4,2,0,0,29.33,55,283
9,2025-12-30,2,2,0,0,29.33,55,284
9,2025-12-31,47,2,47,0,29.33,55,285
9,2026-01-01,46,1,0,0,29.33,55,286
9,2026-01-02,44,2,0,0,29.33,55,287
9,2026-01-03,43,1,0,0,29.33,55,288
9,2026-01-04,41,2,0,0,29.33,55,289
9,2026-01-05,38,3,0,0,29.33,55,290
9,2026-01-06,36,2,0,0,29.33,55,291
9,2026-01-07,34,2,0,0,29.33,55,292
9,2026-01-08,31,3,0,0,29.33,55,293
9,2026-01-09,29,2,0,0,29.33,55,294
9,2026-01-10,28,1,0,0,29.33,55,295
9,2026-01-11,27,1,0,0,29.33,55,296
9,2026-01-12,25,2,0,0,29.33,55,297
9,2026-01-13,22,3,0,0,29.33,55,298
9,2026-01-14,20,2,0,0,29.33,55,299
9,2026-01-15,17,3,0,0,29.33,55,300
9,2026-01-16,14,3,0,0,29.33,55,301
9,2026-01-17,13,1,0,0,29.33,55,302
9,2026-01-18,12,1,0,0,29.33,55,303
9,2026-01-19,9,3,0,0,29.33,55,304
9,2026-01-20,7,2,0,0,29.33,55,305
9,2026-01-21,5,2,0,0,29.33,55,306
9,2026-01-22,1,4,0,0,29.33,55,307
9,2026-01-23,0,1,0,0,29.33,55,308
9,2026-01-24,0,2,0,0,29.33,55,309
9,2026-01-25,0,1,0,0,29.33,55,310
9,2026-01-26,0,3,0,0,29.33,55,311
9,2026-01-27,0,2,0,0,29.33,55,312
9,2026-01-28,0,3,0,0,29.33,55,313
9,2026-01-29,0,3,0,0,29.33,55,314
9,2026-01-30,0,3,0,0,29.33,55,315
9,2026-01-31,0,1,0,0,29.33,55,316
9,2026-02-01,0,2,0,0,29.33,55,317
9,2026-02-02,0,3,0,0,29.33,55,318
9,2026-02-03,0,3,0,0,29.33,55,319
9,2026-02-04,0,2,0,0,29.33,55,320
9,2026-02-05,0,4,0,0,29.33,55,321
9,2026-02-06,0,4,0,0,29.33,55,322
9,2026-02-07,0,1,0,0,29.33,55,323
9,2026-02-08,0,1,0,0,29.33,55,324
9,2026-02-09,0,2,0,0,29.33,55,325
9,2026-02-10,0,2,0,0,29.33,55,326
9,2026-02-11,0,2,0,0,29.33,55,327
9,2026-02-12,0,3,0,0,29.33,55,328
9,2026-02-13,21,2,23,0,29.33,55,329
9,2026-02-14,20,1,0,0,29.33,55,330
9,2026-02-15,18,2,0,0,29.33,55,331
9,2026-02-16,17,1,0,0,29.33,55,332
9,2026-02-17,15,2,0,0,29.33,55,333
9,2026-02-18,12,3,0,0,29.33,55,334
9,2026-02-19,10,2,0,0,29.33,55,335
9,2026-02-20,7,3,0,0,29.33,55,336
9,2026-02-21,5,2,0,0,29.33,55,337
9,2026-02-22,4,1,0,0,29.33,55,338
9,2026-02-23,2,2,0,0,29.33,55,339
9,2026-02-24,0,3,0,0,29.33,55,340
9,2026-02-25,0,2,0,0,29.33,55,341
9,2026-02-26,52,3,55,0,29.33,55,342
9,2026-02-27,50,2,0,0,29.33,55,343
9,2026-02-28,48,2,0,0,29.33,55,344
9,2026-03-01,47,1,0,0,29.33,55,345
9,2026-03-02,44,3,0,0,29.33,55,346
9,2026-03-03,41,3,0,0,29.33,55,347
9,2026-03-04,39,2,0,0,29.33,55,348
9,2026-03-05,37,2,0,0,29.33,55,349
9,2026-03-06,34,3,0,0,29.33,55,350
9,2026-03-07,33,1,0,0,29.33,55,351
9,2026-03-08,32,1,0,0,29.33,55,352
9,2026-03-09,30,2,0,0,29.33,55,353
9,2026-03-10,28,2,0,0,29.33,55,354
9,2026-03-11,25,3,0,0,29.33,55,355
9,2026-03-12,21,4,0,0,29.33,55,356
9,2026-03-13,19,2,0,0,29.33,55,357
9,2026-03-14,18,1,0,0,29.33,55,358
9,2026-03-15,16,2,0,0,29.33,55,359
9,2026-03-16,14,2,0,0,29.33,55,360
9,2026-03-17,12,2,0,0,29.33,55,361
9,2026-03-18,9,3,0,0,29.33,55,362
9,2026-03-19,7,2,0,0,29.33,55,363
9,2026-03-20,4,3,0,0,29.33,55,364
9,2026-03-21,35,2,33,0,29.33,55,365
10,2025-12-22,20,0,0,0,476.8,149,111
10,2025-12-23,20,0,0,0,476.8,149,112
10,2025-12-24,20,0,0,0,476.8,149,113
10,2025-12-25,20,0,0,0,476.8,149,114
10,2025-12-26,20,0,0,0,476.8,149,115
10,2025-12-27,20,0,0,0,476.8,149,116
10,2025-12-28,20,0,0,0,476.8,149,117
10,2025-12-29,20,0,0,0,476.8,149,118
10,2025-12-30,19,1,0,0,476.8,149,119
10,2025-12-31,19,0,0,0,476.8,149,120
10,2026-01-01,19,0,0,0,476.8,149,121
10,2026-01-02,19,0,0,0,476.8,149,122
10,2026-01-03,19,0,0,0,476.8,149,123
10,2026-01-04,19,0,0,0,476.8,149,124
10,2026-01-05,19,0,0,0,476.8,149,125
10,2026-01-06,19,0,0,0,476.8,149,126
10,2026-01-07,19,0,0,0,476.8,149,127
10,2026-01-08,19,0,0,0,476.8,149,128
10,2026-01-09,18,1,0,0,476.8,149,129
10,2026-01-10,18,0,0,0,476.8,149,130
10,2026-01-11,18,0,0,0,476.8,149,131
10,2026-01-12,18,0,0,0,476.8,149,132
10,2026-01-13,18,0,0,0,476.8,149,133
10,2026-01-14,18,0,0,0,476.8,149,134
10,2026-01-15,18,0,0,0,476.8,149,135
10,2026-01-16,18,0,0,0,476.8,149,136
10,2026-01-17,78,0,60,0,476.8,149,137
10,2026-01-18,78,0,0,0,476.8,149,138
10,2026-01-19,78,0,0,0,476.8,149,139
10,2026-01-20,78,0,0,0,476.8,149,140
10,2026-01-21,78,0,0,0,476.8,149,141
10,2026-01-22,78,0,0,0,476.8,149,142
10,2026-01-23,78,0,0,0,476.8,149,143
10,2026-01-24,78,0,0,0,476.8,149,144
10,2026-01-25,78,0,0,0,476.8,149,145
10,2026-01-26,78,0,0,0,476.8,149,146
10,2026-01-27,78,0,0,0,476.8,149,147
10,2026-01-28,78,0,0,0,476.8,149,148
10,2026-01-29,78,0,0,0,476.8,149,149
10,2026-01-30,78,0,0,0,476.8,149,150
10,2026-01-31,78,0,0,0,476.8,149,151
10,2026-02-01,129,0,51,0,476.8,149,152
10,2026-02-02,129,0,0,0,476.8,149,153
10,2026-02-03,129,0,0,0,476.8,149,154
10,2026-02-04,129,0,0,0,476.8,149,155
10,2026-02-05,129,0,0,0,476.8,149,156
10,2026-02-06,129,0,0,0,476.8,149,157
10,2026-02-07,129,0,0,0,476.8,149,158
10,2026-02-08,129,0,0,0,476.8,149,159
10,2026-02-09,129,0,0,0,476.8,149,160
10,2026-02-10,129,0,0,0,476.8,149,161
10,2026-02-11,129,0,0,0,476.8,149,162
10,2026-02-12,129,0,0,0,476.8,149,163
10,2026-02-13,129,0,0,0,476.8,149,164
10,2026-02-14,129,0,0,0,476.8,149,165
10,2026-02-15,129,0,0,0,476.8,149,166
10,2026-02-16,129,0,0,0,476.8,149,167
10,2026-02-17,129,0,0,0,476.8,149,168
10,2026-02-18,129,0,0,0,476.8,149,169
10,2026-02-19,129,0,0,0,476.8,149,170
10,2026-02-20,129,0,0,0,476.8,149,171
10,2026-02-21,129,0,0,0,476.8,149,172
10,2026-02-22,129,0,0,0,476.8,149,173
10,2026-02-23,129,0,0,0,476.8,149,174
10,2026-02-24,129,0,0,0,476.8,149,175
10,2026-02-25,129,0,0,0,476.8,149,176
10,2026-02-26,129,0,0,0,476.8,149,177
10,2026-02-27,129,0,0,0,476.8,149,178
10,2026-02-28,129,0,0,0,476.8,149,179
10,2026-03-01,129,0,0,0,476.8,149,180
10,2026-03-02,129,0,0,0,476.8,149,181
10,2026-03-03,129,0,0,0,476.8,149,182
10,2026-03-04,129,0,0,0,476.8,149,183
10,2026-03-05,129,0,0,0,476.8,149,184
10,2026-03-06,129,0,0,0,476.8,149,185
10,2026-03-07,129,0,0,0,476.8,149,186
10,2026-03-08,129,0,0,0,476.8,149,187
10,2026-03-09,129,0,0,0,476.8,149,188
10,2026-03-10,129,0,0,0,476.8,149,189
10,2026-03-11,129,0,0,0,476.8,149,190
10,2026-03-12,129,0,0,0,476.8,149,191
10,2026-03-13,129,0,0,0,476.8,149,192
10,2026-03-14,129,0,0,0,476.8,149,193
10,2026-03-15,129,0,0,0,476.8,149,194
10,2026-03-16,129,0,0,0,476.8,149,195
10,2026-03-17,129,0,0,0,476.8,149,196
10,2026-03-18,129,0,0,0,476.8,149,197
10,2026-03-19,129,0,0,0,476.8,149,198
10,2026-03-20,129,0,0,0,476.8,149,199
10,2026-03-21,168,0,39,0,476.8,149,200
11,2025-12-22,19,1,0,0,304.2,338,31
11,2025-12-23,18,1,0,0,304.2,338,32
11,2025-12-24,17,1,0,0,304.2,338,33
11,2025-12-25,16,1,0,0,304.2,338,34
11,2025-12-26,16,0,0,0,304.2,338,35
11,2025-12-27,15,1,0,0,304.2,338,36
11,2025-12-28,15,0,0,0,304.2,338,37
11,2025-12-29,14,1,0,0,304.2,338,38
11,2025-12-30,13,1,0,0,304.2,338,39
11,2025-12-31,46,1,34,0,304.2,338,40
11,2026-01-01,45,1,0,0,304.2,338,41
11,2026-01-02,45,0,0,0,304.2,338,42
11,2026-01-03,45,0,0,0,304.2,338,43
11,2026-01-04,45,0,0,0,304.2,338,44
11,2026-01-05,44,1,0,0,304.2,338,45
11,2026-01-06,43,1,0,0,304.2,338,46
11,2026-01-07,42,1,0,0,304.2,338,47
11,2026-01-08,87,1,46,0,304.2,338,48
11,2026-01-09,87,0,0,0,304.2,338,49
11,2026-01-10,87,0,0,0,304.2,338,50
11,2026-01-11,87,0,0,0,304.2,338,51
11,2026-01-12,86,1,0,0,304.2,338,52
11,2026-01-13,86,0,0,0,304.2,338,53
11,2026-01-14,86,0,0,0,304.2,338,54
11,2026-01-15,85,1,0,0,304.2,338,55
11,2026-01-16,85,0,0,0,304.2,338,56
11,2026-01-17,85,0,0,0,304.2,338,57
11,2026-01-18,85,0,0,0,304.2,338,58
11,2026-01-19,84,1,0,0,304.2,338,59
11,2026-01-20,83,1,0,0,304.2,338,60
11,2026-01-21,82,1,0,0,304.2,338,61
11,2026-01-22,81,1,0,0,304.2,338,62
11,2026-01-23,80,1,0,0,304.2,338,63
11,2026-01-24,80,0,0,0,304.2,338,64
11,2026-01-25,80,0,0,0,304.2,338,65
11,2026-01-26,79,1,0,0,304.2,338,66
11,2026-01-27,78,1,0,0,304.2,338,67
11,2026-01-28,77,1,0,0,304.2,338,68
11,2026-01-29,76,1,0,0,304.2,338,69
11,2026-01-30,75,1,0,0,304.2,338,70
11,2026-01-31,75,0,0,0,304.2,338,71
11,2026-02-01,75,0,0,0,304.2,338,72
11,2026-02-02,74,1,0,0,304.2,338,73
11,2026-02-03,73,1,0,0,304.2,338,74
11,2026-02-04,72,1,0,0,304.2,338,75
11,2026-02-05,71,1,0,0,304.2,338,76
11,2026-02-06,70,1,0,0,304.2,338,77
11,2026-02-07,93,0,23,0,304.2,338,78
11,2026-02-08,93,0,0,0,304.2,338,79
11,2026-02-09,92,1,0,0,304.2,338,80
11,2026-02-10,91,1,0,0,304.2,338,81
11,2026-02-11,90,1,0,0,304.2,338,82
11,2026-02-12,89,1,0,0,304.2,338,83
11,2026-02-13,121,1,33,0,304.2,338,84
11,2026-02-14,120,1,0,0,304.2,338,85
11,2026-02-15,120,0,0,0,304.2,338,86
11,2026-02-16,119,1,0,0,304.2,338,87
11,2026-02-17,118,1,0,0,304.2,338,88
11,2026-02-18,117,1,0,0,304.2,338,89
11,2026-02-19,116,1,0,0,304.2,338,90
11,2026-02-20,116,0,0,0,304.2,338,91
11,2026-02-21,116,0,0,0,304.2,338,92
11,2026-02-22,116,0,0,0,304.2,338,93
11,2026-02-23,115,1,0,0,304.2,338,94
11,2026-02-24,114,1,0,0,304.2,338,95
11,2026-02-25,114,0,0,0,304.2,338,96
11,2026-02-26,113,1,0,0,304.2,338,97
11,2026-02-27,112,1,0,0,304.2,338,98
11,2026-02-28,111,1,0,0,304.2,338,99
11,2026-03-01,111,0,0,0,304.2,338,100
11,2026-03-02,110,1,0,0,304.2,338,101
11,2026-03-03,109,1,0,0,304.2,338,102
11,2026-03-04,109,0,0,0,304.2,338,103
11,2026-03-05,108,1,0,0,304.2,338,104
11,2026-03-06,107,1,0,0,304.2,338,105
11,2026-03-07,107,0,0,0,304.2,338,106
11,2026-03-08,106,1,0,0,304.2,338,107
11,2026-03-09,105,1,0,0,304.2,338,108
11,2026-03-10,104,1,0,0,304.2,338,109
11,2026-03-11,104,0,0,0,304.2,338,110
11,2026-03-12,103,1,0,0,304.2,338,111
11,2026-03-13,102,1,0,0,304.2,338,112
11,2026-03-14,102,0,0,0,304.2,338,113
11,2026-03-15,101,1,0,0,304.2,338,114
11,2026-03-16,100,1,0,0,304.2,338,115
11,2026-03-17,99,1,0,0,304.2,338,116
11,2026-03-18,98,1,0,0,304.2,338,117
11,2026-03-19,97,1,0,0,304.2,338,118
11,2026-03-20,96,1,0,0,304.2,338,119
11,2026-03-21,117,0,21,0,304.2,338,120
12,2025-12-22,19,1,0,0,57.38,25.5,61
12,2025-12-23,18,1,0,0,57.38,25.5,62
12,2025-12-24,17,1,0,0,57.38,25.5,63
12,2025-12-25,16,1,0,0,57.38,25.5,64
12,2025-12-26,15,1,0,0,57.38,25.5,65
12,2025-12-27,15,0,0,0,57.38,25.5,66
12,2025-12-28,15,0,0,0,57.38,25.5,67
12,2025-12-29,15,0,0,0,57.38,25.5,68
12,2025-12-30,14,1,0,0,57.38,25.5,69
12,2025-12-31,14,0,0,0,57.38,25.5,70
12,2026-01-01,13,1,0,0,57.38,25.5,71
12,2026-01-02,12,1,0,0,57.38,25.5,72
12,2026-01-03,12,0,0,0,57.38,25.5,73
12,2026-01-04,12,0,0,0,57.38,25.5,74
12,2026-01-05,11,1,0,0,57.38,25.5,75
12,2026-01-06,10,1,0,0,57.38,25.5,76
12,2026-01-07,9,1,0,0,57.38,25.5,77
12,2026-01-08,9,0,0,0,57.38,25.5,78
12,2026-01-09,8,1,0,0,57.38,25.5,79
12,2026-01-10,8,0,0,0,57.38,25.5,80
12,2026-01-11,7,1,0,0,57.38,25.5,81
12,2026-01-12,6,1,0,0,57.38,25.5,82
12,2026-01-13,5,1,0,0,57.38,25.5,83
12,2026-01-14,4,1,0,0,57.38,25.5,84
12,2026-01-15,4,0,0,0,57.38,25.5,85
12,2026-01-16,3,1,0,0,57.38,25.5,86
12,2026-01-17,3,0,0,0,57.38,25.5,87
12,2026-01-18,2,1,0,0,57.38,25.5,88
12,2026-01-19,1,1,0,0,57.38,25.5,89
12,2026-01-20,0,1,0,0,57.38,25.5,90
12,2026-01-21,0,1,0,0,57.38,25.5,91
12,2026-01-22,0,1,0,0,57.38,25.5,92
12,2026-01-23,0,1,0,0,57.38,25.5,93
12,2026-01-24,0,0,0,0,57.38,25.5,94
12,2026-01-25,0,1,0,0,57.38,25.5,95
12,2026-01-26,0,1,0,0,57.38,25.5,96
12,2026-01-27,0,1,0,0,57.38,25.5,97
12,2026-01-28,0,1,0,0,57.38,25.5,98
12,2026-01-29,0,1,0,0,57.38,25.5,99
12,2026-01-30,0,1,0,0,57.38,25.5,100
12,2026-01-31,0,1,0,0,57.38,25.5,101
12,2026-02-01,0,0,0,0,57.38,25.5,102
12,2026-02-02,0,1,0,0,57.38,25.5,103
12,2026-02-03,0,1,0,0,57.38,25.5,104
12,2026-02-04,0,1,0,0,57.38,25.5,105
12,2026-02-05,47,1,48,0,57.38,25.5,106
12,2026-02-06,46,1,0,0,57.38,25.5,107
12,2026-02-07,45,1,0,0,57.38,25.5,108
12,2026-02-08,44,1,0,0,57.38,25.5,109
12,2026-02-09,43,1,0,0,57.38,25.5,110
12,2026-02-10,42,1,0,0,57.38,25.5,111
12,2026-02-11,41,1,0,0,57.38,25.5,112
12,2026-02-12,40,1,0,0,57.38,25.5,113
12,2026-02-13,39,1,0,0,57.38,25.5,114
12,2026-02-14,38,1,0,0,57.38,25.5,115
12,2026-02-15,38,0,0,0,57.38,25.5,116
12,2026-02-16,37,1,0,0,57.38,25.5,117
12,2026-02-17,36,1,0,0,57.38,25.5,118
12,2026-02-18,35,1,0,0,57.38,25.5,119
12,2026-02-19,34,1,0,0,57.38,25.5,120
12,2026-02-20,33,1,0,0,57.38,25.5,121
12,2026-02-21,32,1,0,0,57.38,25.5,122
12,2026-02-22,31,1,0,0,57.38,25.5,123
12,2026-02-23,30,1,0,0,57.38,25.5,124
12,2026-02-24,29,1,0,0,57.38,25.5,125
12,2026-02-25,69,1,41,0,57.38,25.5,126
12,2026-02-26,116,1,48,0,57.38,25.5,127
12,2026-02-27,115,1,0,0,57.38,25.5,128
12,2026-02-28,115,0,0,0,57.38,25.5,129
12,2026-03-01,114,1,0,0,57.38,25.5,130
12,2026-03-02,113,1,0,0,57.38,25.5,131
12,2026-03-03,111,2,0,0,57.38,25.5,132
12,2026-03-04,110,1,0,0,57.38,25.5,133
12,2026-03-05,108,2,0,0,57.38,25.5,134
12,2026-03-06,107,1,0,0,57.38,25.5,135
12,2026-03-07,107,0,0,0,57.38,25.5,136
12,2026-03-08,107,0,0,0,57.38,25.5,137
12,2026-03-09,106,1,0,0,57.38,25.5,138
12,2026-03-10,105,1,0,0,57.38,25.5,139
12,2026-03-11,104,1,0,0,57.38,25.5,140
12,2026-03-12,103,1,0,0,57.38,25.5,141
12,2026-03-13,102,1,0,0,57.38,25.5,142
12,2026-03-14,101,1,0,0,57.38,25.5,143
12,2026-03-15,101,0,0,0,57.38,25.5,144
12,2026-03-16,100,1,0,0,57.38,25.5,145
12,2026-03-17,99,1,0,0,57.38,25.5,146
12,2026-03-18,98,1,0,0,57.38,25.5,147
12,2026-03-19,97,1,0,0,57.38,25.5,148
12,2026-03-20,95,2,0,0,57.38,25.5,149
12,2026-03-21,148,1,54,0,57.38,25.5,150
13,2025-12-22,17,3,0,0,36.0,32,311
13,2025-12-23,14,3,0,0,36.0,32,312
13,2025-12-24,11,3,0,0,36.0,32,313
13,2025-12-25,7,4,0,0,36.0,32,314
13,2025-12-26,3,4,0,0,36.0,32,315
13,2025-12-27,1,2,0,0,36.0,32,316
13,2025-12-28,0,2,0,0,36.0,32,317
13,2025-12-29,0,4,0,0,36.0,32,318
13,2025-12-30,0,2,0,0,36.0,32,319
13,2025-12-31,0,3,0,0,36.0,32,320
13,2026-01-01,0,4,0,0,36.0,32,321
13,2026-01-02,0,3,0,0,36.0,32,322
13,2026-01-03,0,2,0,0,36.0,32,323
13,2026-01-04,0,2,0,0,36.0,32,324
13,2026-01-05,0,3,0,0,36.0,32,325
13,2026-01-06,0,4,0,0,36.0,32,326
13,2026-01-07,0,3,0,0,36.0,32,327
13,2026-01-08,0,3,0,0,36.0,32,328
13,2026-01-09,0,3,0,0,36.0,32,329
13,2026-01-10,0,2,0,0,36.0,32,330
13,2026-01-11,0,2,0,0,36.0,32,331
13,2026-01-12,0,2,0,0,36.0,32,332
13,2026-01-13,0,2,0,0,36.0,32,333
13,2026-01-14,0,3,0,0,36.0,32,334
13,2026-01-15,0,4,0,0,36.0,32,335
13,2026-01-16,0,3,0,0,36.0,32,336
13,2026-01-17,0,2,0,0,36.0,32,337
13,2026-01-18,0,3,0,0,36.0,32,338
13,2026-01-19,0,3,0,0,36.0,32,339
13,2026-01-20,0,1,0,0,36.0,32,340
13,2026-01-21,0,2,0,0,36.0,32,341
13,2026-01-22,0,4,0,0,36.0,32,342
13,2026-01-23,53,3,56,0,36.0,32,343
13,2026-01-24,52,1,0,0,36.0,32,344
13,2026-01-25,50,2,0,0,36.0,32,345
13,2026-01-26,48,2,0,0,36.0,32,346
13,2026-01-27,45,3,0,0,36.0,32,347
13,2026-01-28,41,4,0,0,36.0,32,348
13,2026-01-29,39,2,0,0,36.0,32,349
13,2026-01-30,37,2,0,0,36.0,32,350
13,2026-01-31,36,1,0,0,36.0,32,351
13,2026-02-01,34,2,0,0,36.0,32,352
13,2026-02-02,30,4,0,0,36.0,32,353
13,2026-02-03,54,3,27,0,36.0,32,354
13,2026-02-04,51,3,0,0,36.0,32,355
13,2026-02-05,47,4,0,0,36.0,32,356
13,2026-02-06,45,2,0,0,36.0,32,357
13,2026-02-07,43,2,0,0,36.0,32,358
13,2026-02-08,42,1,0,0,36.0,32,359
13,2026-02-09,89,4,51,0,36.0,32,360
13,2026-02-10,86,3,0,0,36.0,32,361
13,2026-02-11,82,4,0,0,36.0,32,362
13,2026-02-12,77,5,0,0,36.0,32,363
13,2026-02-13,76,1,0,0,36.0,32,364
13,2026-02-14,74,2,0,0,36.0,32,365
13,2026-02-15,71,3,0,0,36.0,32,366
13,2026-02-16,68,3,0,0,36.0,32,367
13,2026-02-17,66,2,0,0,36.0,32,368
13,2026-02-18,62,4,0,0,36.0,32,369
13,2026-02-19,58,4,0,0,36.0,32,370
13,2026-02-20,54,4,0,0,36.0,32,371
13,2026-02-21,52,2,0,0,36.0,32,372
13,2026-02-22,50,2,0,0,36.0,32,373
13,2026-02-23,48,2,0,0,36.0,32,374
13,2026-02-24,45,3,0,0,36.0,32,375
13,2026-02-25,42,3,0,0,36.0,32,376
13,2026-02-26,39,3,0,0,36.0,32,377
13,2026-02-27,37,2,0,0,36.0,32,378
13,2026-02-28,73,3,39,0,36.0,32,379
13,2026-03-01,70,3,0,0,36.0,32,380
13,2026-03-02,115,3,48,0,36.0,32,381
13,2026-03-03,111,4,0,0,36.0,32,382
13,2026-03-04,107,4,0,0,36.0,32,383
13,2026-03-05,104,3,0,0,36.0,32,384
13,2026-03-06,100,4,0,0,36.0,32,385
13,2026-03-07,98,2,0,0,36.0,32,386
13,2026-03-08,96,2,0,0,36.0,32,387
13,2026-03-09,94,2,0,0,36.0,32,388
13,2026-03-10,91,3,0,0,36.0,32,389
13,2026-03-11,86,5,0,0,36.0,32,390
13,2026-03-12,81,5,0,0,36.0,32,391
13,2026-03-13,78,3,0,0,36.0,32,392
13,2026-03-14,75,3,0,0,36.0,32,393
13,2026-03-15,73,2,0,0,36.0,32,394
13,2026-03-16,69,4,0,0,36.0,32,395
13,2026-03-17,66,3,0,0,36.0,32,396
13,2026-03-18,62,4,0,0,36.0,32,397
13,2026-03-19,58,4,0,0,36.0,32,398
13,2026-03-20,56,2,0,0,36.0,32,399
13,2026-03-21,98,2,44,0,36.0,32,400
14,2025-12-22,19,1,0,0,54.0,36,81
14,2025-12-23,18,1,0,0,54.0,36,82
14,2025-12-24,17,1,0,0,54.0,36,83
14,2025-12-25,17,0,0,0,54.0,36,84
14,2025-12-26,16,1,0,0,54.0,36,85
14,2025-12-27,67,0,51,0,54.0,36,86
14,2025-12-28,67,0,0,0,54.0,36,87
14,2025-12-29,66,1,0,0,54.0,36,88
14,2025-12-30,66,0,0,0,54.0,36,89
14,2025-12-31,66,0,0,0,54.0,36,90
14,2026-01-01,65,1,0,0,54.0,36,91
14,2026-01-02,64,1,0,0,54.0,36,92
14,2026-01-03,63,1,0,0,54.0,36,93
14,2026-01-04,62,1,0,0,54.0,36,94
14,2026-01-05,61,1,0,0,54.0,36,95
14,2026-01-06,60,1,0,0,54.0,36,96
14,2026-01-07,59,1,0,0,54.0,36,97
14,2026-01-08,58,1,0,0,54.0,36,98
14,2026-01-09,57,1,0,0,54.0,36,99
14,2026-01-10,57,0,0,0,54.0,36,100
14,2026-01-11,56,1,0,0,54.0,36,101
14,2026-01-12,55,1,0,0,54.0,36,102
14,2026-01-13,55,0,0,0,54.0,36,103
14,2026-01-14,55,0,0,0,54.0,36,104
14,2026-01-15,54,1,0,0,54.0,36,105
14,2026-01-16,53,1,0,0,54.0,36,106
14,2026-01-17,52,1,0,0,54.0,36,107
14,2026-01-18,52,0,0,0,54.0,36,108
14,2026-01-19,51,1,0,0,54.0,36,109
14,2026-01-20,51,0,0,0,54.0,36,110
14,2026-01-21,50,1,0,0,54.0,36,111
14,2026-01-22,49,1,0,0,54.0,36,112
14,2026-01-23,48,1,0,0,54.0,36,113
14,2026-01-24,48,0,0,0,54.0,36,114
14,2026-01-25,48,0,0,0,54.0,36,115
14,2026-01-26,107,0,59,0,54.0,36,116
14,2026-01-27,106,1,0,0,54.0,36,117
14,2026-01-28,106,0,0,0,54.0,36,118
14,2026-01-29,105,1,0,0,54.0,36,119
14,2026-01-30,104,1,0,0,54.0,36,120
14,2026-01-31,104,0,0,0,54.0,36,121
14,2026-02-01,146,0,42,0,54.0,36,122
14,2026-02-02,145,1,0,0,54.0,36,123
14,2026-02-03,144,1,0,0,54.0,36,124
14,2026-02-04,143,1,0,0,54.0,36,125
14,2026-02-05,142,1,0,0,54.0,36,126
14,2026-02-06,141,1,0,0,54.0,36,127
14,2026-02-07,194,0,53,0,54.0,36,128
14,2026-02-08,194,0,0,0,54.0,36,129
14,2026-02-09,193,1,0,0,54.0,36,130
14,2026-02-10,193,0,0,0,54.0,36,131
14,2026-02-11,193,0,0,0,54.0,36,132
14,2026-02-12,192,1,0,0,54.0,36,133
14,2026-02-13,234,1,43,0,54.0,36,134
14,2026-02-14,234,0,0,0,54.0,36,135
14,2026-02-15,234,0,0,0,54.0,36,136
14,2026-02-16,233,1,0,0,54.0,36,137
14,2026-02-17,232,1,0,0,54.0,36,138
14,2026-02-18,231,1,0,0,54.0,36,139
14,2026-02-19,230,1,0,0,54.0,36,140
14,2026-02-20,229,1,0,0,54.0,36,141
14,2026-02-21,229,0,0,0,54.0,36,142
14,2026-02-22,229,0,0,0,54.0,36,143
14,2026-02-23,228,1,0,0,54.0,36,144
14,2026-02-24,227,1,0,0,54.0,36,145
14,2026-02-25,226,1,0,0,54.0,36,146
14,2026-02-26,225,1,0,0,54.0,36,147
14,2026-02-27,224,1,0,0,54.0,36,148
14,2026-02-28,224,0,0,0,54.0,36,149
14,2026-03-01,224,0,0,0,54.0,36,150
14,2026-03-02,223,1,0,0,54.0,36,151
14,2026-03-03,258,0,35,0,54.0,36,152
14,2026-03-04,257,1,0,0,54.0,36,153
14,2026-03-05,256,1,0,0,54.0,36,154
14,2026-03-06,255,1,0,0,54.0,36,155
14,2026-03-07,254,1,0,0,54.0,36,156
14,2026-03-08,254,0,0,0,54.0,36,157
14,2026-03-09,253,1,0,0,54.0,36,158
14,2026-03-10,252,1,0,0,54.0,36,159
14,2026-03-11,251,1,0,0,54.0,36,160
14,2026-03-12,251,0,0,0,54.0,36,161
14,2026-03-13,250,1,0,0,54.0,36,162
14,2026-03-14,250,0,0,0,54.0,36,163
14,2026-03-15,250,0,0,0,54.0,36,164
14,2026-03-16,249,1,0,0,54.0,36,165
14,2026-03-17,248,1,0,0,54.0,36,166
14,2026-03-18,247,1,0,0,54.0,36,167
14,2026-03-19,246,1,0,0,54.0,36,168
14,2026-03-20,245,1,0,0,54.0,36,169
14,2026-03-21,279,0,34,0,54.0,36,170
15,2025-12-22,20,0,0,0,86.47,72,71
15,2025-12-23,20,0,0,0,86.47,72,72
15,2025-12-24,20,0,0,0,86.47,72,73
15,2025-12-25,20,0,0,0,86.47,72,74
15,2025-12-26,20,0,0,0,86.47,72,75
15,2025-12-27,20,0,0,0,86.47,72,76
15,2025-12-28,20,0,0,0,86.47,72,77
15,2025-12-29,20,0,0,0,86.47,72,78
15,2025-12-30,20,0,0,0,86.47,72,79
15,2025-12-31,20,0,0,0,86.47,72,80
15,2026-01-01,20,0,0,0,86.47,72,81
15,2026-01-02,20,0,0,0,86.47,72,82
15,2026-01-03,20,0,0,0,86.47,72,83
15,2026-01-04,20,0,0,0,86.47,72,84
15,2026-01-05,52,0,32,0,86.47,72,85
15,2026-01-06,52,0,0,0,86.47,72,86
15,2026-01-07,52,0,0,0,86.47,72,87
15,2026-01-08,52,0,0,0,86.47,72,88
15,2026-01-09,52,0,0,0,86.47,72,89
15,2026-01-10,52,0,0,0,86.47,72,90
15,2026-01-11,52,0,0,0,86.47,72,91
15,2026-01-12,52,0,0,0,86.47,72,92
15,2026-01-13,52,0,0,0,86.47,72,93
15,2026-01-14,52,0,0,0,86.47,72,94
15,2026-01-15,52,0,0,0,86.47,72,95
15,2026-01-16,52,0,0,0,86.47,72,96
15,2026-01-17,52,0,0,0,86.47,72,97
15,2026-01-18,52,0,0,0,86.47,72,98
15,2026-01-19,52,0,0,0,86.47,72,99
15,2026-01-20,112,0,60,0,86.47,72,100
15,2026-01-21,112,0,0,0,86.47,72,101
15,2026-01-22,112,0,0,0,86.47,72,102
15,2026-01-23,112,0,0,0,86.47,72,103
15,2026-01-24,112,0,0,0,86.47,72,104
15,2026-01-25,112,0,0,0,86.47,72,105
15,2026-01-26,112,0,0,0,86.47,72,106
15,2026-01-27,112,0,0,0,86.47,72,107
15,2026-01-28,112,0,0,0,86.47,72,108
15,2026-01-29,112,0,0,0,86.47,72,109
15,2026-01-30,112,0,0,0,86.47,72,110
15,2026-01-31,112,0,0,0,86.47,72,111
15,2026-02-01,139,0,27,0,86.47,72,112
15,2026-02-02,139,0,0,0,86.47,72,113
15,2026-02-03,139,0,0,0,86.47,72,114
15,2026-02-04,139,0,0,0,86.47,72,115
15,2026-02-05,139,0,0,0,86.47,72,116
15,2026-02-06,139,0,0,0,86.47,72,117
15,2026-02-07,179,0,40,0,86.47,72,118
15,2026-02-08,179,0,0,0,86.47,72,119
15,2026-02-09,179,0,0,0,86.47,72,120
15,2026-02-10,179,0,0,0,86.47,72,121
15,2026-02-11,179,0,0,0,86.47,72,122
15,2026-02-12,179,0,0,0,86.47,72,123
15,2026-02-13,179,0,0,0,86.47,72,124
15,2026-02-14,179,0,0,0,86.47,72,125
15,2026-02-15,179,0,0,0,86.47,72,126
15,2026-02-16,179,0,0,0,86.47,72,127
15,2026-02-17,179,0,0,0,86.47,72,128
15,2026-02-18,179,0,0,0,86.47,72,129
15,2026-02-19,179,0,0,0,86.47,72,130
15,2026-02-20,179,0,0,0,86.47,72,131
15,2026-02-21,179,0,0,0,86.47,72,132
15,2026-02-22,179,0,0,0,86.47,72,133
15,2026-02-23,179,0,0,0,86.47,72,134
15,2026-02-24,179,0,0,0,86.47,72,135
15,2026-02-25,179,0,0,0,86.47,72,136
15,2026-02-26,179,0,0,0,86.47,72,137
15,2026-02-27,179,0,0,0,86.47,72,138
15,2026-02-28,179,0,0,0,86.47,72,139
15,2026-03-01,179,0,0,0,86.47,72,140
15,2026-03-02,179,0,0,0,86.47,72,141
15,2026-03-03,179,0,0,0,86.47,72,142
15,2026-03-04,179,0,0,0,86.47,72,143
15,2026-03-05,179,0,0,0,86.47,72,144
15,2026-03-06,179,0,0,0,86.47,72,145
15,2026-03-07,179,0,0,0,86.47,72,146
15,2026-03-08,179,0,0,0,86.47,72,147
15,2026-03-09,179,0,0,0,86.47,72,148
15,2026-03-10,179,0,0,0,86.47,72,149
15,2026-03-11,179,0,0,0,86.47,72,150
15,2026-03-12,179,0,0,0,86.47,72,151
15,2026-03-13,179,0,0,0,86.47,72,152
15,2026-03-14,179,0,0,0,86.47,72,153
15,2026-03-15,179,0,0,0,86.47,72,154
15,2026-03-16,179,0,0,0,86.47,72,155
15,2026-03-17,179,0,0,0,86.47,72,156
15,2026-03-18,179,0,0,0,86.47,72,157
15,2026-03-19,179,0,0,0,86.47,72,158
15,2026-03-20,179,0,0,0,86.47,72,159
15,2026-03-21,232,0,53,0,86.47,72,160
16,2025-12-22,20,0,0,0,44.0,55,161
16,2025-12-23,20,0,0,0,44.0,55,162
16,2025-12-24,20,0,0,0,44.0,55,163
16,2025-12-25,19,1,0,0,44.0,55,164
16,2025-12-26,18,1,0,0,44.0,55,165
16,2025-12-27,18,0,0,0,44.0,55,166
16,2025-12-28,18,0,0,0,44.0,55,167
16,2025-12-29,18,0,0,0,44.0,55,168
16,2025-12-30,17,1,0,0,44.0,55,169
16,2025-12-31,17,0,0,0,44.0,55,170
16,2026-01-01,16,1,0,0,44.0,55,171
16,2026-01-02,15,1,0,0,44.0,55,172
16,2026-01-03,15,0,0,0,44.0,55,173
16,2026-01-04,15,0,0,0,44.0,55,174
16,2026-01-05,15,0,0,0,44.0,55,175
16,2026-01-06,14,1,0,0,44.0,55,176
16,2026-01-07,14,0,0,0,44.0,55,177
16,2026-01-08,35,0,21,0,44.0,55,178
16,2026-01-09,34,1,0,0,44.0,55,179
16,2026-01-10,34,0,0,0,44.0,55,180
16,2026-01-11,34,0,0,0,44.0,55,181
16,2026-01-12,34,0,0,0,44.0,55,182
16,2026-01-13,34,0,0,0,44.0,55,183
16,2026-01-14,34,0,0,0,44.0,55,184
16,2026-01-15,33,1,0,0,44.0,55,185
16,2026-01-16,32,1,0,0,44.0,55,186
16,2026-01-17,32,0,0,0,44.0,55,187
16,2026-01-18,32,0,0,0,44.0,55,188
16,2026-01-19,31,1,0,0,44.0,55,189
16,2026-01-20,31,0,0,0,44.0,55,190
16,2026-01-21,31,0,0,0,44.0,55,191
16,2026-01-22,31,0,0,0,44.0,55,192
16,2026-01-23,30,1,0,0,44.0,55,193
16,2026-01-24,30,0,0,0,44.0,55,194
16,2026-01-25,29,1,0,0,44.0,55,195
16,2026-01-26,60,0,31,0,44.0,55,196
16,2026-01-27,60,0,0,0,44.0,55,197
16,2026-01-28,60,0,0,0,44.0,55,198
16,2026-01-29,59,1,0,0,44.0,55,199
16,2026-01-30,58,1,0,0,44.0,55,200
16,2026-01-31,58,0,0,0,44.0,55,201
16,2026-02-01,58,0,0,0,44.0,55,202
16,2026-02-02,58,0,0,0,44.0,55,203
16,2026-02-03,57,1,0,0,44.0,55,204
16,2026-02-04,57,0,0,0,44.0,55,205
16,2026-02-05,56,1,0,0,44.0,55,206
16,2026-02-06,56,0,0,0,44.0,55,207
16,2026-02-07,56,0,0,0,44.0,55,208
16,2026-02-08,56,0,0,0,44.0,55,209
16,2026-02-09,55,1,0,0,44.0,55,210
16,2026-02-10,54,1,0,0,44.0,55,211
16,2026-02-11,54,0,0,0,44.0,55,212
16,2026-02-12,54,0,0,0,44.0,55,213
16,2026-02-13,53,1,0,0,44.0,55,214
16,2026-02-14,53,0,0,0,44.0,55,215
16,2026-02-15,53,0,0,0,44.0,55,216
16,2026-02-16,53,0,0,0,44.0,55,217
16,2026-02-17,52,1,0,0,44.0,55,218
16,2026-02-18,52,0,0,0,44.0,55,219
16,2026-02-19,52,0,0,0,44.0,55,220
16,2026-02-20,52,0,0,0,44.0,55,221
16,2026-02-21,52,0,0,0,44.0,55,222
16,2026-02-22,52,0,0,0,44.0,55,223
16,2026-02-23,51,1,0,0,44.0,55,224
16,2026-02-24,50,1,0,0,44.0,55,225
16,2026-02-25,104,1,55,0,44.0,55,226
16,2026-02-26,103,1,0,0,44.0,55,227
16,2026-02-27,142,0,39,0,44.0,55,228
16,2026-02-28,142,0,0,0,44.0,55,229
16,2026-03-01,165,0,23,0,44.0,55,230
16,2026-03-02,165,0,0,0,44.0,55,231
16,2026-03-03,164,1,0,0,44.0,55,232
16,2026-03-04,163,1,0,0,44.0,55,233
16,2026-03-05,162,1,0,0,44.0,55,234
16,2026-03-06,161,1,0,0,44.0,55,235
16,2026-03-07,161,0,0,0,44.0,55,236
16,2026-03-08,161,0,0,0,44.0,55,237
16,2026-03-09,161,0,0,0,44.0,55,238
16,2026-03-10,160,1,0,0,44.0,55,239
16,2026-03-11,160,0,0,0,44.0,55,240
16,2026-03-12,160,0,0,0,44.0,55,241
16,2026-03-13,159,1,0,0,44.0,55,242
16,2026-03-14,159,0,0,0,44.0,55,243
16,2026-03-15,159,0,0,0,44.0,55,244
16,2026-03-16,158,1,0,0,44.0,55,245
16,2026-03-17,157,1,0,0,44.0,55,246
16,2026-03-18,157,0,0,0,44.0,55,247
16,2026-03-19,157,0,0,0,44.0,55,248
16,2026-03-20,157,0,0,0,44.0,55,249
16,2026-03-21,213,0,56,0,44.0,55,250
17,2025-12-22,17,3,0,0,177.0,118,211
17,2025-12-23,15,2,0,0,177.0,118,212
17,2025-12-24,10,5,0,0,177.0,118,213
17,2025-12-25,3,7,0,0,177.0,118,214
17,2025-12-26,0,5,0,0,177.0,118,215
17,2025-12-27,57,3,60,0,177.0,118,216
17,2025-12-28,54,3,0,0,177.0,118,217
17,2025-12-29,49,5,0,0,177.0,118,218
17,2025-12-30,44,5,0,0,177.0,118,219
17,2025-12-31,40,4,0,0,177.0,118,220
17,2026-01-01,39,1,0,0,177.0,118,221
17,2026-01-02,35,4,0,0,177.0,118,222
17,2026-01-03,32,3,0,0,177.0,118,223
17,2026-01-04,85,3,56,0,177.0,118,224
17,2026-01-05,81,4,0,0,177.0,118,225
17,2026-01-06,79,2,0,0,177.0,118,226
17,2026-01-07,75,4,0,0,177.0,118,227
17,2026-01-08,100,6,31,0,177.0,118,228
17,2026-01-09,96,4,0,0,177.0,118,229
17,2026-01-10,93,3,0,0,177.0,118,230
17,2026-01-11,92,1,0,0,177.0,118,231
17,2026-01-12,86,6,0,0,177.0,118,232
17,2026-01-13,82,4,0,0,177.0,118,233
17,2026-01-14,81,1,0,0,177.0,118,234
17,2026-01-15,78,3,0,0,177.0,118,235
17,2026-01-16,72,6,0,0,177.0,118,236
17,2026-01-17,69,3,0,0,177.0,118,237
17,2026-01-18,68,1,0,0,177.0,118,238
17,2026-01-19,62,6,0,0,177.0,118,239
17,2026-01-20,55,7,0,0,177.0,118,240
17,2026-01-21,51,4,0,0,177.0,118,241
17,2026-01-22,46,5,0,0,177.0,118,242
17,2026-01-23,44,2,0,0,177.0,118,243
17,2026-01-24,41,3,0,0,177.0,118,244
17,2026-01-25,38,3,0,0,177.0,118,245
17,2026-01-26,36,2,0,0,177.0,118,246
17,2026-01-27,30,6,0,0,177.0,118,247
17,2026-01-28,25,5,0,0,177.0,118,248
17,2026-01-29,21,4,0,0,177.0,118,249
17,2026-01-30,18,3,0,0,177.0,118,250
17,2026-01-31,15,3,0,0,177.0,118,251
17,2026-02-01,11,4,0,0,177.0,118,252
17,2026-02-02,6,5,0,0,177.0,118,253
17,2026-02-03,2,4,0,0,177.0,118,254
17,2026-02-04,0,4,0,0,177.0,118,255
17,2026-02-05,0,7,0,0,177.0,118,256
17,2026-02-06,0,4,0,0,177.0,118,257
17,2026-02-07,0,2,0,0,177.0,118,258
17,2026-02-08,0,3,0,0,177.0,118,259
17,2026-02-09,0,7,0,0,177.0,118,260
17,2026-02-10,0,6,0,0,177.0,118,261
17,2026-02-11,0,7,0,0,177.0,118,262
17,2026-02-12,0,5,0,0,177.0,118,263
17,2026-02-13,0,4,0,0,177.0,118,264
17,2026-02-14,0,2,0,0,177.0,118,265
17,2026-02-15,0,2,0,0,177.0,118,266
17,2026-02-16,0,2,0,0,177.0,118,267
17,2026-02-17,0,4,0,0,177.0,118,268
17,2026-02-18,0,6,0,0,177.0,118,269
17,2026-02-19,0,3,0,0,177.0,118,270
17,2026-02-20,0,4,0,0,177.0,118,271
17,2026-02-21,0,4,0,0,177.0,118,272
17,2026-02-22,0,2,0,0,177.0,118,273
17,2026-02-23,0,5,0,0,177.0,118,274
17,2026-02-24,0,4,0,0,177.0,118,275
17,2026-02-25,0,6,0,0,177.0,118,276
17,2026-02-26,45,10,55,0,177.0,118,277
17,2026-02-27,79,5,39,0,177.0,118,278
17,2026-02-28,77,2,0,0,177.0,118,279
17,2026-03-01,75,2,0,0,177.0,118,280
17,2026-03-02,72,3,0,0,177.0,118,281
17,2026-03-03,70,2,0,0,177.0,118,282
17,2026-03-04,65,5,0,0,177.0,118,283
17,2026-03-05,59,6,0,0,177.0,118,284
17,2026-03-06,54,5,0,0,177.0,118,285
17,2026-03-07,53,1,0,0,177.0,118,286
17,2026-03-08,51,2,0,0,177.0,118,287
17,2026-03-09,48,3,0,0,177.0,118,288
17,2026-03-10,43,5,0,0,177.0,118,289
17,2026-03-11,37,6,0,0,177.0,118,290
17,2026-03-12,36,1,0,0,177.0,118,291
17,2026-03-13,34,2,0,0,177.0,118,292
17,2026-03-14,31,3,0,0,177.0,118,293
17,2026-03-15,29,2,0,0,177.0,118,294
17,2026-03-16,27,2,0,0,177.0,118,295
17,2026-03-17,23,4,0,0,177.0,118,296
17,2026-03-18,18,5,0,0,177.0,118,297
17,2026-03-19,13,5,0,0,177.0,118,298
17,2026-03-20,6,7,0,0,177.0,118,299
17,2026-03-21,46,2,42,0,177.0,118,300
18,2025-12-22,17,3,0,0,57.38,27,261
18,2025-12-23,15,2,0,0,57.38,27,262
18,2025-12-24,12,3,0,0,57.38,27,263
18,2025-12-25,10,2,0,0,57.38,27,264
18,2025-12-26,9,1,0,0,57.38,27,265
18,2025-12-27,7,2,0,0,57.38,27,266
18,2025-12-28,5,2,0,0,57.38,27,267
18,2025-12-29,3,2,0,0,57.38,27,268
18,2025-12-30,1,2,0,0,57.38,27,269
18,2025-12-31,0,3,0,0,57.38,27,270
18,2026-01-01,0,1,0,0,57.38,27,271
18,2026-01-02,0,4,0,0,57.38,27,272
18,2026-01-03,0,2,0,0,57.38,27,273
18,2026-01-04,0,1,0,0,57.38,27,274
18,2026-01-05,0,1,0,0,57.38,27,275
18,2026-01-06,0,2,0,0,57.38,27,276
18,2026-01-07,0,2,0,0,57.38,27,277
18,2026-01-08,48,2,50,0,57.38,27,278
18,2026-01-09,46,2,0,0,57.38,27,279
18,2026-01-10,45,1,0,0,57.38,27,280
18,2026-01-11,43,2,0,0,57.38,27,281
18,2026-01-12,41,2,0,0,57.38,27,282
18,2026-01-13,39,2,0,0,57.38,27,283
18,2026-01-14,38,1,0,0,57.38,27,284
18,2026-01-15,36,2,0,0,57.38,27,285
18,2026-01-16,34,2,0,0,57.38,27,286
18,2026-01-17,33,1,0,0,57.38,27,287
18,2026-01-18,31,2,0,0,57.38,27,288
18,2026-01-19,28,3,0,0,57.38,27,289
18,2026-01-20,26,2,0,0,57.38,27,290
18,2026-01-21,24,2,0,0,57.38,27,291
18,2026-01-22,23,1,0,0,57.38,27,292
18,2026-01-23,19,4,0,0,57.38,27,293
18,2026-01-24,19,0,0,0,57.38,27,294
18,2026-01-25,18,1,0,0,57.38,27,295
18,2026-01-26,49,3,34,0,57.38,27,296
18,2026-01-27,46,3,0,0,57.38,27,297
18,2026-01-28,42,4,0,0,57.38,27,298
18,2026-01-29,40,2,0,0,57.38,27,299
18,2026-01-30,38,2,0,0,57.38,27,300
18,2026-01-31,37,1,0,0,57.38,27,301
18,2026-02-01,35,2,0,0,57.38,27,302
18,2026-02-02,33,2,0,0,57.38,27,303
18,2026-02-03,31,2,0,0,57.38,27,304
18,2026-02-04,29,2,0,0,57.38,27,305
18,2026-02-05,27,2,0,0,57.38,27,306
18,2026-02-06,25,2,0,0,57.38,27,307
18,2026-02-07,84,1,60,0,57.38,27,308
18,2026-02-08,82,2,0,0,57.38,27,309
18,2026-02-09,80,2,0,0,57.38,27,310
18,2026-02-10,78,2,0,0,57.38,27,311
18,2026-02-11,128,2,52,0,57.38,27,312
18,2026-02-12,126,2,0,0,57.38,27,313
18,2026-02-13,124,2,0,0,57.38,27,314
18,2026-02-14,123,1,0,0,57.38,27,315
18,2026-02-15,122,1,0,0,57.38,27,316
18,2026-02-16,120,2,0,0,57.38,27,317
18,2026-02-17,117,3,0,0,57.38,27,318
18,2026-02-18,116,1,0,0,57.38,27,319
18,2026-02-19,114,2,0,0,57.38,27,320
18,2026-02-20,112,2,0,0,57.38,27,321
18,2026-02-21,110,2,0,0,57.38,27,322
18,2026-02-22,108,2,0,0,57.38,27,323
18,2026-02-23,106,2,0,0,57.38,27,324
18,2026-02-24,103,3,0,0,57.38,27,325
18,2026-02-25,101,2,0,0,57.38,27,326
18,2026-02-26,99,2,0,0,57.38,27,327
18,2026-02-27,146,2,49,0,57.38,27,328
18,2026-02-28,144,2,0,0,57.38,27,329
18,2026-03-01,142,2,0,0,57.38,27,330
18,2026-03-02,140,2,0,0,57.38,27,331
18,2026-03-03,137,3,0,0,57.38,27,332
18,2026-03-04,133,4,0,0,57.38,27,333
18,2026-03-05,130,3,0,0,57.38,27,334
18,2026-03-06,127,3,0,0,57.38,27,335
18,2026-03-07,126,1,0,0,57.38,27,336
18,2026-03-08,125,1,0,0,57.38,27,337
18,2026-03-09,122,3,0,0,57.38,27,338
18,2026-03-10,120,2,0,0,57.38,27,339
18,2026-03-11,117,3,0,0,57.38,27,340
18,2026-03-12,115,2,0,0,57.38,27,341
18,2026-03-13,112,3,0,0,57.38,27,342
18,2026-03-14,110,2,0,0,57.38,27,343
18,2026-03-15,109,1,0,0,57.38,27,344
18,2026-03-16,106,3,0,0,57.38,27,345
18,2026-03-17,103,3,0,0,57.38,27,346
18,2026-03-18,101,2,0,0,57.38,27,347
18,2026-03-19,98,3,0,0,57.38,27,348
18,2026-03-20,96,2,0,0,57.38,27,349
18,2026-03-21,145,1,50,0,57.38,27,350
19,2025-12-22,19,1,0,0,75.08,100,191
19,2025-12-23,19,0,0,0,75.08,100,192
19,2025-12-24,19,0,0,0,75.08,100,193
19,2025-12-25,18,1,0,0,75.08,100,194
19,2025-12-26,17,1,0,0,75.08,100,195
19,2025-12-27,17,0,0,0,75.08,100,196
19,2025-12-28,16,1,0,0,75.08,100,197
19,2025-12-29,15,1,0,0,75.08,100,198
19,2025-12-30,14,1,0,0,75.08,100,199
19,2025-12-31,13,1,0,0,75.08,100,200
19,2026-01-01,12,1,0,0,75.08,100,201
19,2026-01-02,11,1,0,0,75.08,100,202
19,2026-01-03,11,0,0,0,75.08,100,203
19,2026-01-04,10,1,0,0,75.08,100,204
19,2026-01-05,9,1,0,0,75.08,100,205
19,2026-01-06,8,1,0,0,75.08,100,206
19,2026-01-07,8,0,0,0,75.08,100,207
19,2026-01-08,7,1,0,0,75.08,100,208
19,2026-01-09,6,1,0,0,75.08,100,209
19,2026-01-10,6,0,0,0,75.08,100,210
19,2026-01-11,6,0,0,0,75.08,100,211
19,2026-01-12,5,1,0,0,75.08,100,212
19,2026-01-13,4,1,0,0,75.08,100,213
19,2026-01-14,55,1,52,0,75.08,100,214
19,2026-01-15,55,0,0,0,75.08,100,215
19,2026-01-16,54,1,0,0,75.08,100,216
19,2026-01-17,103,0,49,0,75.08,100,217
19,2026-01-18,103,0,0,0,75.08,100,218
19,2026-01-19,103,0,0,0,75.08,100,219
19,2026-01-20,102,1,0,0,75.08,100,220
19,2026-01-21,101,1,0,0,75.08,100,221
19,2026-01-22,100,1,0,0,75.08,100,222
19,2026-01-23,99,1,0,0,75.08,100,223
19,2026-01-24,98,1,0,0,75.08,100,224
19,2026-01-25,98,0,0,0,75.08,100,225
19,2026-01-26,97,1,0,0,75.08,100,226
19,2026-01-27,96,1,0,0,75.08,100,227
19,2026-01-28,95,1,0,0,75.08,100,228
19,2026-01-29,94,1,0,0,75.08,100,229
19,2026-01-30,93,1,0,0,75.08,100,230
19,2026-01-31,92,1,0,0,75.08,100,231
19,2026-02-01,91,1,0,0,75.08,100,232
19,2026-02-02,90,1,0,0,75.08,100,233
19,2026-02-03,89,1,0,0,75.08,100,234
19,2026-02-04,89,0,0,0,75.08,100,235
19,2026-02-05,88,1,0,0,75.08,100,236
19,2026-02-06,87,1,0,0,75.08,100,237
19,2026-02-07,87,0,0,0,75.08,100,238
19,2026-02-08,86,1,0,0,75.08,100,239
19,2026-02-09,113,1,28,0,75.08,100,240
19,2026-02-10,112,1,0,0,75.08,100,241
19,2026-02-11,111,1,0,0,75.08,100,242
19,2026-02-12,110,1,0,0,75.08,100,243
19,2026-02-13,109,1,0,0,75.08,100,244
19,2026-02-14,109,0,0,0,75.08,100,245
19,2026-02-15,108,1,0,0,75.08,100,246
19,2026-02-16,107,1,0,0,75.08,100,247
19,2026-02-17,106,1,0,0,75.08,100,248
19,2026-02-18,105,1,0,0,75.08,100,249
19,2026-02-19,105,0,0,0,75.08,100,250
19,2026-02-20,104,1,0,0,75.08,100,251
19,2026-02-21,103,1,0,0,75.08,100,252
19,2026-02-22,102,1,0,0,75.08,100,253
19,2026-02-23,101,1,0,0,75.08,100,254
19,2026-02-24,157,1,57,0,75.08,100,255
19,2026-02-25,211,0,54,0,75.08,100,256
19,2026-02-26,210,1,0,0,75.08,100,257
19,2026-02-27,209,1,0,0,75.08,100,258
19,2026-02-28,208,1,0,0,75.08,100,259
19,2026-03-01,207,1,0,0,75.08,100,260
19,2026-03-02,206,1,0,0,75.08,100,261
19,2026-03-03,205,1,0,0,75.08,100,262
19,2026-03-04,204,1,0,0,75.08,100,263
19,2026-03-05,203,1,0,0,75.08,100,264
19,2026-03-06,202,1,0,0,75.08,100,265
19,2026-03-07,202,0,0,0,75.08,100,266
19,2026-03-08,202,0,0,0,75.08,100,267
19,2026-03-09,201,1,0,0,75.08,100,268
19,2026-03-10,200,1,0,0,75.08,100,269
19,2026-03-11,199,1,0,0,75.08,100,270
19,2026-03-12,198,1,0,0,75.08,100,271
19,2026-03-13,197,1,0,0,75.08,100,272
19,2026-03-14,196,1,0,0,75.08,100,273
19,2026-03-15,195,1,0,0,75.08,100,274
19,2026-03-16,194,1,0,0,75.08,100,275
19,2026-03-17,193,1,0,0,75.08,100,276
19,2026-03-18,192,1,0,0,75.08,100,277
19,2026-03-19,192,0,0,0,75.08,100,278
19,2026-03-20,191,1,0,0,75.08,100,279
19,2026-03-21,242,1,52,0,75.08,100,280
20,2025-12-22,19,1,0,0,65.25,29,171
20,2025-12-23,18,1,0,0,65.25,29,172
20,2025-12-24,17,1,0,0,65.25,29,173
20,2025-12-25,16,1,0,0,65.25,29,174
20,2025-12-26,15,1,0,0,65.25,29,175
20,2025-12-27,15,0,0,0,65.25,29,176
20,2025-12-28,15,0,0,0,65.25,29,177
20,2025-12-29,14,1,0,0,65.25,29,178
20,2025-12-30,13,1,0,0,65.25,29,179
20,2025-12-31,12,1,0,0,65.25,29,180
20,2026-01-01,11,1,0,0,65.25,29,181
20,2026-01-02,9,2,0,0,65.25,29,182
20,2026-01-03,8,1,0,0,65.25,29,183
20,2026-01-04,7,1,0,0,65.25,29,184
20,2026-01-05,5,2,0,0,65.25,29,185
20,2026-01-06,3,2,0,0,65.25,29,186
20,2026-01-07,1,2,0,0,65.25,29,187
20,2026-01-08,27,1,27,0,65.25,29,188
20,2026-01-09,26,1,0,0,65.25,29,189
20,2026-01-10,25,1,0,0,65.25,29,190
20,2026-01-11,76,1,52,0,65.25,29,191
20,2026-01-12,75,1,0,0,65.25,29,192
20,2026-01-13,74,1,0,0,65.25,29,193
20,2026-01-14,73,1,0,0,65.25,29,194
20,2026-01-15,73,0,0,0,65.25,29,195
20,2026-01-16,72,1,0,0,65.25,29,196
20,2026-01-17,118,1,47,0,65.25,29,197
20,2026-01-18,117,1,0,0,65.25,29,198
20,2026-01-19,115,2,0,0,65.25,29,199
20,2026-01-20,113,2,0,0,65.25,29,200
20,2026-01-21,112,1,0,0,65.25,29,201
20,2026-01-22,111,1,0,0,65.25,29,202
20,2026-01-23,109,2,0,0,65.25,29,203
20,2026-01-24,108,1,0,0,65.25,29,204
20,2026-01-25,107,1,0,0,65.25,29,205
20,2026-01-26,106,1,0,0,65.25,29,206
20,2026-01-27,105,1,0,0,65.25,29,207
20,2026-01-28,103,2,0,0,65.25,29,208
20,2026-01-29,102,1,0,0,65.25,29,209
20,2026-01-30,100,2,0,0,65.25,29,210
20,2026-01-31,99,1,0,0,65.25,29,211
20,2026-02-01,98,1,0,0,65.25,29,212
20,2026-02-02,97,1,0,0,65.25,29,213
20,2026-02-03,95,2,0,0,65.25,29,214
20,2026-02-04,94,1,0,0,65.25,29,215
20,2026-02-05,93,1,0,0,65.25,29,216
20,2026-02-06,92,1,0,0,65.25,29,217
20,2026-02-07,91,1,0,0,65.25,29,218
20,2026-02-08,90,1,0,0,65.25,29,219
20,2026-02-09,89,1,0,0,65.25,29,220
20,2026-02-10,87,2,0,0,65.25,29,221
20,2026-02-11,86,1,0,0,65.25,29,222
20,2026-02-12,85,1,0,0,65.25,29,223
20,2026-02-13,104,1,20,0,65.25,29,224
20,2026-02-14,103,1,0,0,65.25,29,225
20,2026-02-15,102,1,0,0,65.25,29,226
20,2026-02-16,100,2,0,0,65.25,29,227
20,2026-02-17,98,2,0,0,65.25,29,228
20,2026-02-18,97,1,0,0,65.25,29,229
20,2026-02-19,95,2,0,0,65.25,29,230
20,2026-02-20,93,2,0,0,65.25,29,231
20,2026-02-21,92,1,0,0,65.25,29,232
20,2026-02-22,91,1,0,0,65.25,29,233
20,2026-02-23,89,2,0,0,65.25,29,234
20,2026-02-24,88,1,0,0,65.25,29,235
20,2026-02-25,87,1,0,0,65.25,29,236
20,2026-02-26,85,2,0,0,65.25,29,237
20,2026-02-27,83,2,0,0,65.25,29,238
20,2026-02-28,108,1,26,0,65.25,29,239
20,2026-03-01,107,1,0,0,65.25,29,240
20,2026-03-02,106,1,0,0,65.25,29,241
20,2026-03-03,105,1,0,0,65.25,29,242
20,2026-03-04,104,1,0,0,65.25,29,243
20,2026-03-05,102,2,0,0,65.25,29,244
20,2026-03-06,101,1,0,0,65.25,29,245
20,2026-03-07,100,1,0,0,65.25,29,246
20,2026-03-08,99,1,0,0,65.25,29,247
20,2026-03-09,97,2,0,0,65.25,29,248
20,2026-03-10,96,1,0,0,65.25,29,249
20,2026-03-11,94,2,0,0,65.25,29,250
20,2026-03-12,93,1,0,0,65.25,29,251
20,2026-03-13,91,2,0,0,65.25,29,252
20,2026-03-14,90,1,0,0,65.25,29,253
20,2026-03-15,89,1,0,0,65.25,29,254
20,2026-03-16,87,2,0,0,65.25,29,255
20,2026-03-17,86,1,0,0,65.25,29,256
20,2026-03-18,85,1,0,0,65.25,29,257
20,2026-03-19,84,1,0,0,65.25,29,258
20,2026-03-20,82,2,0,0,65.25,29,259
20,2026-03-21,103,1,22,0,65.25,29,260
21,2025-12-22,20,0,0,0,48.0,64,131
21,2025-12-23,20,0,0,0,48.0,64,132
21,2025-12-24,20,0,0,0,48.0,64,133
21,2025-12-25,20,0,0,0,48.0,64,134
21,2025-12-26,20,0,0,0,48.0,64,135
21,2025-12-27,20,0,0,0,48.0,64,136
21,2025-12-28,20,0,0,0,48.0,64,137
21,2025-12-29,20,0,0,0,48.0,64,138
21,2025-12-30,20,0,0,0,48.0,64,139
21,2025-12-31,20,0,0,0,48.0,64,140
21,2026-01-01,20,0,0,0,48.0,64,141
21,2026-01-02,20,0,0,0,48.0,64,142
21,2026-01-03,20,0,0,0,48.0,64,143
21,2026-01-04,20,0,0,0,48.0,64,144
21,2026-01-05,20,0,0,0,48.0,64,145
21,2026-01-06,20,0,0,0,48.0,64,146
21,2026-01-07,20,0,0,0,48.0,64,147
21,2026-01-08,20,0,0,0,48.0,64,148
21,2026-01-09,20,0,0,0,48.0,64,149
21,2026-01-10,20,0,0,0,48.0,64,150
21,2026-01-11,20,0,0,0,48.0,64,151
21,2026-01-12,20,0,0,0,48.0,64,152
21,2026-01-13,20,0,0,0,48.0,64,153
21,2026-01-14,20,0,0,0,48.0,64,154
21,2026-01-15,20,0,0,0,48.0,64,155
21,2026-01-16,20,0,0,0,48.0,64,156
21,2026-01-17,20,0,0,0,48.0,64,157
21,2026-01-18,20,0,0,0,48.0,64,158
21,2026-01-19,20,0,0,0,48.0,64,159
21,2026-01-20,51,0,31,0,48.0,64,160
21,2026-01-21,51,0,0,0,48.0,64,161
21,2026-01-22,51,0,0,0,48.0,64,162
21,2026-01-23,101,0,50,0,48.0,64,163
21,2026-01-24,101,0,0,0,48.0,64,164
21,2026-01-25,101,0,0,0,48.0,64,165
21,2026-01-26,136,0,35,0,48.0,64,166
21,2026-01-27,136,0,0,0,48.0,64,167
21,2026-01-28,136,0,0,0,48.0,64,168
21,2026-01-29,136,0,0,0,48.0,64,169
21,2026-01-30,136,0,0,0,48.0,64,170
21,2026-01-31,136,0,0,0,48.0,64,171
21,2026-02-01,136,0,0,0,48.0,64,172
21,2026-02-02,136,0,0,0,48.0,64,173
21,2026-02-03,136,0,0,0,48.0,64,174
21,2026-02-04,136,0,0,0,48.0,64,175
21,2026-02-05,136,0,0,0,48.0,64,176
21,2026-02-06,136,0,0,0,48.0,64,177
21,2026-02-07,136,0,0,0,48.0,64,178
21,2026-02-08,136,0,0,0,48.0,64,179
21,2026-02-09,136,0,0,0,48.0,64,180
21,2026-02-10,136,0,0,0,48.0,64,181
21,2026-02-11,136,0,0,0,48.0,64,182
21,2026-02-12,136,0,0,0,48.0,64,183
21,2026-02-13,136,0,0,0,48.0,64,184
21,2026-02-14,136,0,0,0,48.0,64,185
21,2026-02-15,136,0,0,0,48.0,64,186
21,2026-02-16,136,0,0,0,48.0,64,187
21,2026-02-17,136,0,0,0,48.0,64,188
21,2026-02-18,136,0,0,0,48.0,64,189
21,2026-02-19,136,0,0,0,48.0,64,190
21,2026-02-20,136,0,0,0,48.0,64,191
21,2026-02-21,136,0,0,0,48.0,64,192
21,2026-02-22,136,0,0,0,48.0,64,193
21,2026-02-23,136,0,0,0,48.0,64,194
21,2026-02-24,136,0,0,0,48.0,64,195
21,2026-02-25,164,0,28,0,48.0,64,196
21,2026-02-26,164,0,0,0,48.0,64,197
21,2026-02-27,222,0,58,0,48.0,64,198
21,2026-02-28,242,0,20,0,48.0,64,199
21,2026-03-01,242,0,0,0,48.0,64,200
21,2026-03-02,242,0,0,0,48.0,64,201
21,2026-03-03,242,0,0,0,48.0,64,202
21,2026-03-04,242,0,0,0,48.0,64,203
21,2026-03-05,242,0,0,0,48.0,64,204
21,2026-03-06,242,0,0,0,48.0,64,205
21,2026-03-07,242,0,0,0,48.0,64,206
21,2026-03-08,242,0,0,0,48.0,64,207
21,2026-03-09,242,0,0,0,48.0,64,208
21,2026-03-10,242,0,0,0,48.0,64,209
21,2026-03-11,242,0,0,0,48.0,64,210
21,2026-03-12,242,0,0,0,48.0,64,211
21,2026-03-13,242,0,0,0,48.0,64,212
21,2026-03-14,242,0,0,0,48.0,64,213
21,2026-03-15,242,0,0,0,48.0,64,214
21,2026-03-16,242,0,0,0,48.0,64,215
21,2026-03-17,242,0,0,0,48.0,64,216
21,2026-03-18,242,0,0,0,48.0,64,217
21,2026-03-19,242,0,0,0,48.0,64,218
21,2026-03-20,242,0,0,0,48.0,64,219
21,2026-03-21,272,0,30,0,48.0,64,220
22,2025-12-22,18,2,0,0,96.88,111,221
22,2025-12-23,15,3,0,0,96.88,111,222
22,2025-12-24,13,2,0,0,96.88,111,223
22,2025-12-25,11,2,0,0,96.88,111,224
22,2025-12-26,9,2,0,0,96.88,111,225
22,2025-12-27,8,1,0,0,96.88,111,226
22,2025-12-28,6,2,0,0,96.88,111,227
22,2025-12-29,2,4,0,0,96.88,111,228
22,2025-12-30,0,2,0,0,96.88,111,229
22,2025-12-31,23,2,25,0,96.88,111,230
22,2026-01-01,19,4,0,0,96.88,111,231
22,2026-01-02,16,3,0,0,96.88,111,232
22,2026-01-03,15,1,0,0,96.88,111,233
22,2026-01-04,38,2,25,0,96.88,111,234
22,2026-01-05,37,1,0,0,96.88,111,235
22,2026-01-06,35,2,0,0,96.88,111,236
22,2026-01-07,32,3,0,0,96.88,111,237
22,2026-01-08,29,3,0,0,96.88,111,238
22,2026-01-09,25,4,0,0,96.88,111,239
22,2026-01-10,24,1,0,0,96.88,111,240
22,2026-01-11,23,1,0,0,96.88,111,241
22,2026-01-12,20,3,0,0,96.88,111,242
22,2026-01-13,18,2,0,0,96.88,111,243
22,2026-01-14,63,3,48,0,96.88,111,244
22,2026-01-15,59,4,0,0,96.88,111,245
22,2026-01-16,56,3,0,0,96.88,111,246
22,2026-01-17,54,2,0,0,96.88,111,247
22,2026-01-18,52,2,0,0,96.88,111,248
22,2026-01-19,50,2,0,0,96.88,111,249
22,2026-01-20,47,3,0,0,96.88,111,250
22,2026-01-21,45,2,0,0,96.88,111,251
22,2026-01-22,43,2,0,0,96.88,111,252
22,2026-01-23,39,4,0,0,96.88,111,253
22,2026-01-24,38,1,0,0,96.88,111,254
22,2026-01-25,36,2,0,0,96.88,111,255
22,2026-01-26,33,3,0,0,96.88,111,256
22,2026-01-27,31,2,0,0,96.88,111,257
22,2026-01-28,28,3,0,0,96.88,111,258
22,2026-01-29,25,3,0,0,96.88,111,259
22,2026-01-30,21,4,0,0,96.88,111,260
22,2026-01-31,20,1,0,0,96.88,111,261
22,2026-02-01,18,2,0,0,96.88,111,262
22,2026-02-02,15,3,0,0,96.88,111,263
22,2026-02-03,41,3,29,0,96.88,111,264
22,2026-02-04,38,3,0,0,96.88,111,265
22,2026-02-05,36,2,0,0,96.88,111,266
22,2026-02-06,34,2,0,0,96.88,111,267
22,2026-02-07,33,1,0,0,96.88,111,268
22,2026-02-08,32,1,0,0,96.88,111,269
22,2026-02-09,29,3,0,0,96.88,111,270
22,2026-02-10,25,4,0,0,96.88,111,271
22,2026-02-11,21,4,0,0,96.88,111,272
22,2026-02-12,18,3,0,0,96.88,111,273
22,2026-02-13,14,4,0,0,96.88,111,274
22,2026-02-14,13,1,0,0,96.88,111,275
22,2026-02-15,11,2,0,0,96.88,111,276
22,2026-02-16,7,4,0,0,96.88,111,277
22,2026-02-17,5,2,0,0,96.88,111,278
22,2026-02-18,2,3,0,0,96.88,111,279
22,2026-02-19,0,2,0,0,96.88,111,280
22,2026-02-20,0,3,0,0,96.88,111,281
22,2026-02-21,0,1,0,0,96.88,111,282
22,2026-02-22,0,1,0,0,96.88,111,283
22,2026-02-23,0,4,0,0,96.88,111,284
22,2026-02-24,0,3,0,0,96.88,111,285
22,2026-02-25,0,4,0,0,96.88,111,286
22,2026-02-26,0,3,0,0,96.88,111,287
22,2026-02-27,0,4,0,0,96.88,111,288
22,2026-02-28,0,1,0,0,96.88,111,289
22,2026-03-01,54,2,56,0,96.88,111,290
22,2026-03-02,50,4,0,0,96.88,111,291
22,2026-03-03,46,4,0,0,96.88,111,292
22,2026-03-04,43,3,0,0,96.88,111,293
22,2026-03-05,42,1,0,0,96.88,111,294
22,2026-03-06,38,4,0,0,96.88,111,295
22,2026-03-07,35,3,0,0,96.88,111,296
22,2026-03-08,33,2,0,0,96.88,111,297
22,2026-03-09,30,3,0,0,96.88,111,298
22,2026-03-10,25,5,0,0,96.88,111,299
22,2026-03-11,22,3,0,0,96.88,111,300
22,2026-03-12,19,3,0,0,96.88,111,301
22,2026-03-13,15,4,0,0,96.88,111,302
22,2026-03-14,13,2,0,0,96.88,111,303
22,2026-03-15,11,2,0,0,96.88,111,304
22,2026-03-16,9,2,0,0,96.88,111,305
22,2026-03-17,6,3,0,0,96.88,111,306
22,2026-03-18,3,3,0,0,96.88,111,307
22,2026-03-19,0,4,0,0,96.88,111,308
22,2026-03-20,0,4,0,0,96.88,111,309
22,2026-03-21,36,2,38,0,96.88,111,310
23,2025-12-22,17,3,0,0,24.0,60,301
23,2025-12-23,14,3,0,0,24.0,60,302
23,2025-12-24,12,2,0,0,24.0,60,303
23,2025-12-25,10,2,0,0,24.0,60,304
23,2025-12-26,7,3,0,0,24.0,60,305
23,2025-12-27,5,2,0,0,24.0,60,306
23,2025-12-28,4,1,0,0,24.0,60,307
23,2025-12-29,3,1,0,0,24.0,60,308
23,2025-12-30,0,3,0,0,24.0,60,309
23,2025-12-31,0,2,0,0,24.0,60,310
23,2026-01-01,0,2,0,0,24.0,60,311
23,2026-01-02,0,3,0,0,24.0,60,312
23,2026-01-03,0,1,0,0,24.0,60,313
23,2026-01-04,0,1,0,0,24.0,60,314
23,2026-01-05,0,3,0,0,24.0,60,315
23,2026-01-06,0,3,0,0,24.0,60,316
23,2026-01-07,0,2,0,0,24.0,60,317
23,2026-01-08,0,3,0,0,24.0,60,318
23,2026-01-09,0,3,0,0,24.0,60,319
23,2026-01-10,0,2,0,0,24.0,60,320
23,2026-01-11,0,1,0,0,24.0,60,321
23,2026-01-12,0,3,0,0,24.0,60,322
23,2026-01-13,0,2,0,0,24.0,60,323
23,2026-01-14,0,2,0,0,24.0,60,324
23,2026-01-15,0,3,0,0,24.0,60,325
23,2026-01-16,0,3,0,0,24.0,60,326
23,2026-01-17,0,1,0,0,24.0,60,327
23,2026-01-18,0,2,0,0,24.0,60,328
23,2026-01-19,0,4,0,0,24.0,60,329
23,2026-01-20,0,4,0,0,24.0,60,330
23,2026-01-21,0,2,0,0,24.0,60,331
23,2026-01-22,0,2,0,0,24.0,60,332
23,2026-01-23,0,3,0,0,24.0,60,333
23,2026-01-24,0,1,0,0,24.0,60,334
23,2026-01-25,0,1,0,0,24.0,60,335
23,2026-01-26,0,3,0,0,24.0,60,336
23,2026-01-27,0,3,0,0,24.0,60,337
23,2026-01-28,0,3,0,0,24.0,60,338
23,2026-01-29,0,2,0,0,24.0,60,339
23,2026-01-30,35,4,39,0,24.0,60,340
23,2026-01-31,33,2,0,0,24.0,60,341
23,2026-02-01,31,2,0,0,24.0,60,342
23,2026-02-02,28,3,0,0,24.0,60,343
23,2026-02-03,26,2,0,0,24.0,60,344
23,2026-02-04,23,3,0,0,24.0,60,345
23,2026-02-05,21,2,0,0,24.0,60,346
23,2026-02-06,18,3,0,0,24.0,60,347
23,2026-02-07,53,1,36,0,24.0,60,348
23,2026-02-08,51,2,0,0,24.0,60,349
23,2026-02-09,48,3,0,0,24.0,60,350
23,2026-02-10,46,2,0,0,24.0,60,351
23,2026-02-11,44,2,0,0,24.0,60,352
23,2026-02-12,41,3,0,0,24.0,60,353
23,2026-02-13,38,3,0,0,24.0,60,354
23,2026-02-14,36,2,0,0,24.0,60,355
23,2026-02-15,34,2,0,0,24.0,60,356
23,2026-02-16,31,3,0,0,24.0,60,357
23,2026-02-17,29,2,0,0,24.0,60,358
23,2026-02-18,25,4,0,0,24.0,60,359
23,2026-02-19,20,5,0,0,24.0,60,360
23,2026-02-20,16,4,0,0,24.0,60,361
23,2026-02-21,14,2,0,0,24.0,60,362
23,2026-02-22,12,2,0,0,24.0,60,363
23,2026-02-23,10,2,0,0,24.0,60,364
23,2026-02-24,8,2,0,0,24.0,60,365
23,2026-02-25,5,3,0,0,24.0,60,366
23,2026-02-26,1,4,0,0,24.0,60,367
23,2026-02-27,0,3,0,0,24.0,60,368
23,2026-02-28,0,2,0,0,24.0,60,369
23,2026-03-01,0,2,0,0,24.0,60,370
23,2026-03-02,0,3,0,0,24.0,60,371
23,2026-03-03,0,4,0,0,24.0,60,372
23,2026-03-04,0,4,0,0,24.0,60,373
23,2026-03-05,0,5,0,0,24.0,60,374
23,2026-03-06,0,4,0,0,24.0,60,375
23,2026-03-07,0,2,0,0,24.0,60,376
23,2026-03-08,0,2,0,0,24.0,60,377
23,2026-03-09,0,2,0,0,24.0,60,378
23,2026-03-10,0,1,0,0,24.0,60,379
23,2026-03-11,0,3,0,0,24.0,60,380
23,2026-03-12,0,1,0,0,24.0,60,381
23,2026-03-13,0,4,0,0,24.0,60,382
23,2026-03-14,0,2,0,0,24.0,60,383
23,2026-03-15,0,2,0,0,24.0,60,384
23,2026-03-16,0,2,0,0,24.0,60,385
23,2026-03-17,0,3,0,0,24.0,60,386
23,2026-03-18,0,3,0,0,24.0,60,387
23,2026-03-19,0,3,0,0,24.0,60,388
23,2026-03-20,0,2,0,0,24.0,60,389
23,2026-03-21,56,1,57,0,24.0,60,390
24,2025-12-22,18,2,0,0,105.6,132,241
24,2025-12-23,16,2,0,0,105.6,132,242
24,2025-12-24,13,3,0,0,105.6,132,243
24,2025-12-25,12,1,0,0,105.6,132,244
24,2025-12-26,10,2,0,0,105.6,132,245
24,2025-12-27,9,1,0,0,105.6,132,246
24,2025-12-28,8,1,0,0,105.6,132,247
24,2025-12-29,6,2,0,0,105.6,132,248
24,2025-12-30,4,2,0,0,105.6,132,249
24,2025-12-31,2,2,0,0,105.6,132,250
24,2026-01-01,0,2,0,0,105.6,132,251
24,2026-01-02,0,2,0,0,105.6,132,252
24,2026-01-03,0,1,0,0,105.6,132,253
24,2026-01-04,0,1,0,0,105.6,132,254
24,2026-01-05,0,1,0,0,105.6,132,255
24,2026-01-06,0,2,0,0,105.6,132,256
24,2026-01-07,0,2,0,0,105.6,132,257
24,2026-01-08,0,3,0,0,105.6,132,258
24,2026-01-09,0,1,0,0,105.6,132,259
24,2026-01-10,0,1,0,0,105.6,132,260
24,2026-01-11,0,1,0,0,105.6,132,261
24,2026-01-12,0,2,0,0,105.6,132,262
24,2026-01-13,0,3,0,0,105.6,132,263
24,2026-01-14,0,1,0,0,105.6,132,264
24,2026-01-15,0,2,0,0,105.6,132,265
24,2026-01-16,0,2,0,0,105.6,132,266
24,2026-01-17,0,1,0,0,105.6,132,267
24,2026-01-18,0,1,0,0,105.6,132,268
24,2026-01-19,0,2,0,0,105.6,132,269
24,2026-01-20,0,3,0,0,105.6,132,270
24,2026-01-21,0,2,0,0,105.6,132,271
24,2026-01-22,0,2,0,0,105.6,132,272
24,2026-01-23,0,2,0,0,105.6,132,273
24,2026-01-24,0,1,0,0,105.6,132,274
24,2026-01-25,0,2,0,0,105.6,132,275
24,2026-01-26,0,2,0,0,105.6,132,276
24,2026-01-27,0,1,0,0,105.6,132,277
24,2026-01-28,0,2,0,0,105.6,132,278
24,2026-01-29,0,1,0,0,105.6,132,279
24,2026-01-30,0,3,0,0,105.6,132,280
24,2026-01-31,0,1,0,0,105.6,132,281
24,2026-02-01,0,1,0,0,105.6,132,282
24,2026-02-02,0,1,0,0,105.6,132,283
24,2026-02-03,0,2,0,0,105.6,132,284
24,2026-02-04,0,3,0,0,105.6,132,285
24,2026-02-05,52,1,53,0,105.6,132,286
24,2026-02-06,50,2,0,0,105.6,132,287
24,2026-02-07,49,1,0,0,105.6,132,288
24,2026-02-08,47,2,0,0,105.6,132,289
24,2026-02-09,45,2,0,0,105.6,132,290
24,2026-02-10,43,2,0,0,105.6,132,291
24,2026-02-11,42,1,0,0,105.6,132,292
24,2026-02-12,40,2,0,0,105.6,132,293
24,2026-02-13,38,2,0,0,105.6,132,294
24,2026-02-14,37,1,0,0,105.6,132,295
24,2026-02-15,36,1,0,0,105.6,132,296
24,2026-02-16,34,2,0,0,105.6,132,297
24,2026-02-17,33,1,0,0,105.6,132,298
24,2026-02-18,31,2,0,0,105.6,132,299
24,2026-02-19,30,1,0,0,105.6,132,300
24,2026-02-20,29,1,0,0,105.6,132,301
24,2026-02-21,28,1,0,0,105.6,132,302
24,2026-02-22,28,0,0,0,105.6,132,303
24,2026-02-23,27,1,0,0,105.6,132,304
24,2026-02-24,25,2,0,0,105.6,132,305
24,2026-02-25,24,1,0,0,105.6,132,306
24,2026-02-26,22,2,0,0,105.6,132,307
24,2026-02-27,20,2,0,0,105.6,132,308
24,2026-02-28,18,2,0,0,105.6,132,309
24,2026-03-01,17,1,0,0,105.6,132,310
24,2026-03-02,15,2,0,0,105.6,132,311
24,2026-03-03,15,0,0,0,105.6,132,312
24,2026-03-04,12,3,0,0,105.6,132,313
24,2026-03-05,10,2,0,0,105.6,132,314
24,2026-03-06,8,2,0,0,105.6,132,315
24,2026-03-07,6,2,0,0,105.6,132,316
24,2026-03-08,4,2,0,0,105.6,132,317
24,2026-03-09,1,3,0,0,105.6,132,318
24,2026-03-10,0,2,0,0,105.6,132,319
24,2026-03-11,0,4,0,0,105.6,132,320
24,2026-03-12,0,2,0,0,105.6,132,321
24,2026-03-13,0,3,0,0,105.6,132,322
24,2026-03-14,0,1,0,0,105.6,132,323
24,2026-03-15,0,1,0,0,105.6,132,324
24,2026-03-16,0,1,0,0,105.6,132,325
24,2026-03-17,0,2,0,0,105.6,132,326
24,2026-03-18,0,3,0,0,105.6,132,327
24,2026-03-19,0,3,0,0,105.6,132,328
24,2026-03-20,0,3,0,0,105.6,132,329
24,2026-03-21,47,0,47,0,105.6,132,330
25,2025-12-22,19,1,0,0,34.5,46,121
25,2025-12-23,18,1,0,0,34.5,46,122
25,2025-12-24,17,1,0,0,34.5,46,123
25,2025-12-25,16,1,0,0,34.5,46,124
25,2025-12-26,14,2,0,0,34.5,46,125
25,2025-12-27,13,1,0,0,34.5,46,126
25,2025-12-28,12,1,0,0,34.5,46,127
25,2025-12-29,11,1,0,0,34.5,46,128
25,2025-12-30,10,1,0,0,34.5,46,129
25,2025-12-31,50,1,41,0,34.5,46,130
25,2026-01-01,48,2,0,0,34.5,46,131
25,2026-01-02,47,1,0,0,34.5,46,132
25,2026-01-03,46,1,0,0,34.5,46,133
25,2026-01-04,45,1,0,0,34.5,46,134
25,2026-01-05,44,1,0,0,34.5,46,135
25,2026-01-06,43,1,0,0,34.5,46,136
25,2026-01-07,42,1,0,0,34.5,46,137
25,2026-01-08,41,1,0,0,34.5,46,138
25,2026-01-09,39,2,0,0,34.5,46,139
25,2026-01-10,38,1,0,0,34.5,46,140
25,2026-01-11,79,1,42,0,34.5,46,141
25,2026-01-12,78,1,0,0,34.5,46,142
25,2026-01-13,77,1,0,0,34.5,46,143
25,2026-01-14,105,2,30,0,34.5,46,144
25,2026-01-15,103,2,0,0,34.5,46,145
25,2026-01-16,102,1,0,0,34.5,46,146
25,2026-01-17,134,0,32,0,34.5,46,147
25,2026-01-18,133,1,0,0,34.5,46,148
25,2026-01-19,131,2,0,0,34.5,46,149
25,2026-01-20,129,2,0,0,34.5,46,150
25,2026-01-21,128,1,0,0,34.5,46,151
25,2026-01-22,127,1,0,0,34.5,46,152
25,2026-01-23,164,2,39,0,34.5,46,153
25,2026-01-24,163,1,0,0,34.5,46,154
25,2026-01-25,162,1,0,0,34.5,46,155
25,2026-01-26,161,1,0,0,34.5,46,156
25,2026-01-27,160,1,0,0,34.5,46,157
25,2026-01-28,159,1,0,0,34.5,46,158
25,2026-01-29,158,1,0,0,34.5,46,159
25,2026-01-30,157,1,0,0,34.5,46,160
25,2026-01-31,156,1,0,0,34.5,46,161
25,2026-02-01,155,1,0,0,34.5,46,162
25,2026-02-02,153,2,0,0,34.5,46,163
25,2026-02-03,152,1,0,0,34.5,46,164
25,2026-02-04,151,1,0,0,34.5,46,165
25,2026-02-05,150,1,0,0,34.5,46,166
25,2026-02-06,148,2,0,0,34.5,46,167
25,2026-02-07,191,1,44,0,34.5,46,168
25,2026-02-08,191,0,0,0,34.5,46,169
25,2026-02-09,190,1,0,0,34.5,46,170
25,2026-02-10,188,2,0,0,34.5,46,171
25,2026-02-11,187,1,0,0,34.5,46,172
25,2026-02-12,186,1,0,0,34.5,46,173
25,2026-02-13,220,1,35,0,34.5,46,174
25,2026-02-14,219,1,0,0,34.5,46,175
25,2026-02-15,218,1,0,0,34.5,46,176
25,2026-02-16,217,1,0,0,34.5,46,177
25,2026-02-17,216,1,0,0,34.5,46,178
25,2026-02-18,215,1,0,0,34.5,46,179
25,2026-02-19,214,1,0,0,34.5,46,180
25,2026-02-20,213,1,0,0,34.5,46,181
25,2026-02-21,213,0,0,0,34.5,46,182
25,2026-02-22,212,1,0,0,34.5,46,183
25,2026-02-23,210,2,0,0,34.5,46,184
25,2026-02-24,208,2,0,0,34.5,46,185
25,2026-02-25,241,2,35,0,34.5,46,186
25,2026-02-26,240,1,0,0,34.5,46,187
25,2026-02-27,239,1,0,0,34.5,46,188
25,2026-02-28,238,1,0,0,34.5,46,189
25,2026-03-01,237,1,0,0,34.5,46,190
25,2026-03-02,235,2,0,0,34.5,46,191
25,2026-03-03,234,1,0,0,34.5,46,192
25,2026-03-04,232,2,0,0,34.5,46,193
25,2026-03-05,231,1,0,0,34.5,46,194
25,2026-03-06,230,1,0,0,34.5,46,195
25,2026-03-07,229,1,0,0,34.5,46,196
25,2026-03-08,228,1,0,0,34.5,46,197
25,2026-03-09,226,2,0,0,34.5,46,198
25,2026-03-10,224,2,0,0,34.5,46,199
25,2026-03-11,223,1,0,0,34.5,46,200
25,2026-03-12,223,0,0,0,34.5,46,201
25,2026-03-13,221,2,0,0,34.5,46,202
25,2026-03-14,220,1,0,0,34.5,46,203
25,2026-03-15,219,1,0,0,34.5,46,204
25,2026-03-16,218,1,0,0,34.5,46,205
25,2026-03-17,217,1,0,0,34.5,46,206
25,2026-03-18,216,1,0,0,34.5,46,207
25,2026-03-19,215,1,0,0,34.5,46,208
25,2026-03-20,213,2,0,0,34.5,46,209
25,2026-03-21,255,1,43,0,34.5,46,210
