barcode,serial_number,trade_name,active_substance,company_name,quantity_on_hand,reorder_level,max_stock,unit_cost,pay_rate,discount_pct,expiration_date,storage_location,requires_refrigeration,category_temp
10000000001,,ACETYLCISTEINE 200GM 10SACHETS,TBD_Substance,SEDICO,2,10,200,82.50,55,0.00,2027-01-01,,FALSE,SACHETS + GRANULES
10000000002,,ACETYLCYSTEINE VITA C,TBD_Substance,Pharmaoverseas,2,10,200,128.00,80,0.00,2027-01-01,,FALSE,SACHETS + GRANULES
10000000003,,ACHTENON 2MG 20TAB,TBD_Substance,Pharmaoverseas,3,10,200,76.72,34,0.00,2027-01-01,,FALSE,TABLETS + CAPSULES
10000000004,,ACNE-STOP 30GM CREAM,TBD_Substance,Mash Pharma,1,10,200,51.00,68,0.00,2027-01-01,,FALSE,Oint-Cream-Gel
10000000005,,ACNIACT 15GM GEL,TBD_Substance,Pharmaoverseas,1,10,200,31.20,39,0.00,2027-01-01,,FALSE,Oint-Cream-Gel
10000000006,,ACRETIN 0.025% 30GM CREAM,TBD_Substance,MULTI-PHARMA,1,10,200,33.44,38,0.00,2027-01-01,,FALSE,Oint-Cream-Gel
10000000007,,ACRETIN 0.05% 30GM CR,TBD_Substance,MULTI-PHARMA,1,10,200,37.84,43,0.00,2027-01-01,,FALSE,Oint-Cream-Gel
10000000008,,ACTI-COLLA ADVANCE 30SH,TBD_Substance,Pharmaoverseas,0,10,200,688.00,860,0.00,2027-01-01,,FALSE,SACHETS + GRANULES
10000000009,,ACTI-FOLIC,TBD_Substance,Pharmaoverseas,0,10,200,29.33,55,0.00,2027-01-01,,FALSE,TABLETS + CAPSULES
10000000010,,ACTOMAX SPRAY,TBD_Substance,Pharmaoverseas,4,10,200,476.80,149,0.00,2027-01-01,,FALSE,COSMETIC
10000000011,,ACTRAPID 5PENFILL,TBD_Substance,NOVO (INSULIN),1,10,200,304.20,338,0.00,2027-01-01,,FALSE,Injections-Ampules-Vials
10000000012,,ADENOSIN FORTE 3AMP,TBD_Substance,Pharmaoverseas,3,10,200,57.38,25.5,0.00,2027-01-01,,FALSE,Injections-Ampules-Vials
10000000013,,ADOL 500MG 24TAB,TBD_Substance,IBN SINA,1,10,200,36.00,32,0.00,2027-01-01,,FALSE,TABLETS + CAPSULES
10000000014,,ADOLOR 30ML 3AMP,TBD_Substance,UCP,2,10,200,54.00,36,0.00,2027-01-01,,FALSE,Injections-Ampules-Vials
10000000015,,ADWIFLAM 6AMP I.M,TBD_Substance,ADWIA,1,10,200,86.47,72,0.00,2027-01-01,,FALSE,Injections-Ampules-Vials
10000000016,,ADWIFLAM GEL,TBD_Substance,Pharmaoverseas,1,10,200,44.00,55,0.00,2027-01-01,,FALSE,Oint-Cream-Gel
10000000017,,AERIUS 5MG 20TAB,TBD_Substance,Pharmaoverseas,2,10,200,177.00,118,0.00,2027-01-01,,FALSE,TABLETS + CAPSULES
10000000018,,AGGREX 75 MG 60 TAB.,TBD_Substance,RAMIDA,2,10,200,57.38,27,0.00,2027-01-01,,FALSE,TABLETS + CAPSULES
10000000019,,AGIOLAX GRAN 5GM 12SACH,TBD_Substance,CID,1,10,200,75.08,100,0.00,2027-01-01,,FALSE,SACHETS + GRANULES
10000000020,,AIRONYL 120CC SYR.,TBD_Substance,SEDICO,3,10,200,65.25,29,0.00,2027-01-01,,FALSE,SYRUPS + SUSPENSIONS
10000000021,,ALBOTHYL 8 VAGINAL SUPP,TBD_Substance,MULTI-PHARMA,1,10,200,48.00,64,0.00,2027-01-01,,FALSE,SUPPOSITORIES
10000000022,,ALDOMET 250MG 30TAB.,TBD_Substance,KAHIRA,1,10,200,96.88,111,0.00,2027-01-01,,FALSE,TABLETS + CAPSULES
10000000023,,ALERGOLIBER 10MG,TBD_Substance,Pharmaoverseas,0,10,200,24.00,60,0.00,2027-01-01,,FALSE,TABLETS + CAPSULES
10000000024,,ALFATHROMB 5MG,TBD_Substance,Pharmaoverseas,1,10,200,105.60,132,0.00,2027-01-01,,FALSE,TABLETS + CAPSULES
10000000025,,ALGESAL SUREACTIVE 40GM CREAM,TBD_Substance,CHEMI-PHARM,1,10,200,34.50,46,0.00,2027-01-01,,FALSE,Oint-Cream-Gel
10000000026,,ALKA-MISR 10SACH.,TBD_Substance,MISR,1,10,200,30.05,40,0.00,2027-01-01,,FALSE,SACHETS + GRANULES
10000000027,,ALKAPRESS 5MG 20TAB.,TBD_Substance,ALKAN,4,10,200,196.48,58,0.00,2027-01-01,,FALSE,TABLETS + CAPSULES
10000000028,,ALKAPRIDE 50MG,TBD_Substance,Pharmaoverseas,0,10,200,24.00,90,0.00,2027-01-01,,FALSE,TABLETS + CAPSULES
10000000029,,GUAVA 120ML SYR,TBD_Substance,PHP,3,2,200,0.00,55,47.00,2027-01-01,,FALSE,SYRUPS + SUSPENSIONS
10000000030,,VONASPIRE 20MG,TBD_Substance,PHO,4,2.5,200,0.00,0,35.00,2027-01-01,,FALSE,Uncategorized
10000000031,,ERASTAPEX 40MG 30CAP,TBD_Substance,IBN,1,2,200,0.00,0,30.00,2027-01-01,,FALSE,Uncategorized
10000000032,,RABEPRKYL 20MG,TBD_Substance,PHO,1,1.3,200,0.00,0,35.00,2027-01-01,,FALSE,Uncategorized
10000000033,,TREFLUCAN 150MG 1CAP,TBD_Substance,D S,6,4,200,0.00,0,29.00,2027-01-01,,FALSE,Uncategorized
10000000034,,CIPROFLOXACIN 750MG 10TAB,TBD_Substance,UN,3,3,200,0.00,0,33.00,2027-01-01,,FALSE,Uncategorized
10000000035,,FLADAZOLE 4TAB,TBD_Substance,AMOU,3,0,200,0.00,0,38.00,2027-01-01,,FALSE,Uncategorized
10000000036,,MOBITIL 15MG 10TAB,TBD_Substance,MUP,6,3,200,0.00,0,38.00,2027-01-01,,FALSE,Uncategorized
10000000037,,LIBOSENSE GEL,TBD_Substance,FAB,1,1,200,0.00,0,36.00,2027-01-01,,FALSE,Uncategorized
10000000038,,EMPACOZA TRIO XR 25/5/100,TBD_Substance,PHO,0,1,200,0.00,0,34.00,2027-01-01,,FALSE,Uncategorized
10000000039,,JOINTINAL 30 TAB,TBD_Substance,PHO,2,1.5,200,0.00,0,20.00,2027-01-01,,FALSE,Uncategorized
10000000040,,MERALGO 20MG,TBD_Substance,PHO,2,1.5,200,245.00,0,25.00,2027-01-01,,FALSE,Uncategorized
10000000041,,ALPHINTERN 30 TAB,TBD_Substance,MARO,16,13,200,87.00,0,29.00,2027-01-01,,FALSE,Uncategorized
10000000042,,ARYTHREX 200MG 20CAP,TBD_Substance,AMOU,4,2,200,94.00,0,30.00,2027-01-01,,FALSE,Uncategorized
10000000043,,RHEUXICAM 8MG 20TAB,TBD_Substance,CHM,3,2.7,200,72.00,0,35.00,2027-01-01,,FALSE,Uncategorized
10000000044,,THIOTEX FORT 600MG 20C,TBD_Substance,CHM,4,1.3,200,255.00,0,34.00,2027-01-01,,FALSE,Uncategorized
10000000045,,VERSERC 24MG 30TAB,TBD_Substance,CHM,5,0,200,130.00,0,33.00,2027-01-01,,FALSE,Uncategorized
10000000046,,ACETYLCISTEINE 200GM 10SACHETS,TBD_Substance,SEDICO,2,10,200,110.00,55,0.00,2027-01-01,,FALSE,SACHETS + GRANULES
10000000047,,ACRETIN 0.025% 30GM CREAM,TBD_Substance,MULTI-PHARMA,1,10,200,38.00,38,0.00,2027-01-01,,FALSE,Oint-Cream-Gel
10000000048,,ACTI-COLLA ADVANCE 30SH,TBD_Substance,Pharmaoverseas,1,10,200,860.00,860,0.00,2027-01-01,,FALSE,SACHETS + GRANULES
10000000049,,ACTOMAX SPRAY,TBD_Substance,Pharmaoverseas,4,10,200,596.00,149,0.00,2027-01-01,,FALSE,COSMETIC
10000000050,,ACTRAPID 5PENFILL,TBD_Substance,NOVO (INSULIN),1,10,200,338.00,338,0.00,2027-01-01,,FALSE,Injections-Ampules-Vials
10000000051,,ADENOSIN FORTE 3AMP,TBD_Substance,Pharmaoverseas,3,10,200,76.50,25.5,0.00,2027-01-01,,FALSE,Injections-Ampules-Vials
10000000052,,ADWIFLAM 6AMP I.M,TBD_Substance,ADWIA,1.5,10,200,108.00,72,0.00,2027-01-01,,FALSE,Injections-Ampules-Vials
10000000053,,ALLERGICASONE,TBD_Substance,Pharmaoverseas,1,10,200,92.00,92,0.00,2027-01-01,,FALSE,NASAL SPRAY
10000000054,,ALLERZONE LOTION,TBD_Substance,Pharmaoverseas,1,10,200,33.00,33,0.00,2027-01-01,,FALSE,PAINTS+Lotions
10000000055,,ALLEVO 5MG TAB,TBD_Substance,CHEMI-PHARM,1,10,200,52.00,52,0.00,2027-01-01,,FALSE,TABLETS + CAPSULES
10000000056,,ALZENTAL 200MG 6TAB,TBD_Substance,EIPICO,1,10,200,33.00,33,0.00,2027-01-01,,FALSE,TABLETS + CAPSULES
10000000057,,AMIKACIN LOTION-SPRAY 100ML,TBD_Substance,SIGMA,1,10,200,53.00,53,0.00,2027-01-01,,FALSE,COSMETIC
10000000058,,AMLODIPINE 10MG 30TAB,TBD_Substance,AMRIYA,0.67,10,200,66.33,99,0.00,2027-01-01,,FALSE,TABLETS + CAPSULES
10000000059,,AMRIZOLE 120CC SYRUP.,TBD_Substance,AMRIYA,1,10,200,31.00,31,0.00,2027-01-01,,FALSE,SYRUPS + SUSPENSIONS
10000000060,,ANTICOX II 15MG,TBD_Substance,Pharmacies Ahmed,0.67,10,200,74.37,111,0.00,2027-01-01,,FALSE,TABLETS + CAPSULES
10000000061,,ANTIFLU 20CAP,TBD_Substance,UCP,0.5,10,200,19.00,38,0.00,2027-01-01,,FALSE,TABLETS + CAPSULES
10000000062,,ANTITUSSIN,TBD_Substance,Pharmaoverseas,2,10,200,58.00,29,0.00,2027-01-01,,FALSE,SYRUPS + SUSPENSIONS
10000000063,,ANTIVER 30CC SUSP.,TBD_Substance,ALEXANDRIA,2,10,200,35.00,17.5,0.00,2027-01-01,,FALSE,SYRUPS + SUSPENSIONS
10000000064,,ANTOPRAL 20MG 14TAB,TBD_Substance,Unknown Vendor,2.5,10,200,220.00,88,0.00,2027-01-01,,FALSE,TABLETS + CAPSULES
10000000065,,ANUVA 10TAB,TBD_Substance,NOVARTIS,1,10,200,27.00,27,0.00,2027-01-01,,FALSE,TABLETS + CAPSULES
10000000066,,ARTICU-SAFE 50MG 30CAP,TBD_Substance,Global Napi Pharma,0.67,10,200,74.37,111,0.00,2027-01-01,,FALSE,TABLETS + CAPSULES
10000000067,,ASHWAGANDHA,TBD_Substance,Pharmaoverseas,1,10,200,394.00,394,0.00,2027-01-01,,FALSE,TABLETS + CAPSULES
10000000068,,ATOR 10MG 7TAB,TBD_Substance,EIPICO,1,10,200,45.00,45,0.00,2027-01-01,,FALSE,TABLETS + CAPSULES
10000000069,,ATOZEMB 10/10MG 30TAB,TBD_Substance,Pharmaoverseas,1,10,200,228.00,228,0.00,2027-01-01,,FALSE,TABLETS + CAPSULES
10000000070,,ATOZEMB 40/10MG,TBD_Substance,Pharmaoverseas,0.33,10,200,80.19,243,0.00,2027-01-01,,FALSE,TABLETS + CAPSULES
10000000071,,AZADERM CREAM 30G,TBD_Substance,MUP,1,10,200,87.00,87,0.00,2027-01-01,,FALSE,Oint-Cream-Gel
10000000072,,AZHA ROLL-ON,TBD_Substance,Pharmaoverseas,1,10,200,189.00,189,0.00,2027-01-01,,FALSE,COSMETIC
10000000073,,BALENA GUMMIES,TBD_Substance,Pharmaoverseas,2,10,200,330.00,165,0.00,2027-01-01,,FALSE,TABLETS + CAPSULES
10000000074,,BENDAX 60ML SUSP,TBD_Substance,SIGMA,1,10,200,39.00,39,0.00,2027-01-01,,FALSE,SYRUPS + SUSPENSIONS
10000000075,,BETADIE SHAMPOO,TBD_Substance,Pharmaoverseas,1,10,200,120.00,60,0.00,2027-01-01,,FALSE,COSMETIC
